Base Location,Closest Office Location,Current City,Current State
NOIDA,NOIDA,Noida,Uttar Pradesh
NOIDA,NOIDA,Noida,Uttar Pradesh
NOIDA,NOIDA,Noida,Uttar Pradesh
GURGAON,GURGAON,Noida,Uttar Pradesh
NOIDA,NOIDA,Noida,Uttar Pradesh
BANGALORE,BANGALORE,Bengaluru,Karnataka
KOLKATA,KOLKATA,Kolkatta,West Bengal
BANGALORE,BANGALORE,Bengaluru,Karnataka
BANGALORE,BANGALORE,Bengaluru,Karnataka
BANGALORE,BANGALORE,Bengaluru,Karnataka
BANGALORE,BANGALORE,Bengaluru,Karnataka
NOIDA,NOIDA,Noida,Uttar Pradesh
BANGALORE,BANGALORE,Bangalore,Karnataka
KOLKATA,KOLKATA,Kolkata,West Bengal
NOIDA,EGI Noida,Noida,Uttar Pradesh
NOIDA,EGI Noida,Noida,Uttar Pradesh
BANGALORE,BANGALORE,Kamareddy,Andhra Pradesh
BANGALORE,BANGALORE,Bangalore,Karnataka
BANGALORE,BANGALORE,Bangalore,Karnataka
BANGALORE,CHENNAI,Chennai,Tamil Nadu
BANGALORE,CHENNAI,Chennai,Tamil Nadu
BANGALORE,BANGALORE,Bangalore,Karnataka
BANGALORE,BANGALORE,Bangalore,Karnataka
BANGALORE,BANGALORE,Chitradurga,Karnataka
BANGALORE,BANGALORE,Chittoor,Andhra Pradesh
BANGALORE,BANGALORE,Bangalore,Karnataka
BANGALORE,BANGALORE,Bangalore,Karnataka
BANGALORE,BANGALORE,Coimbatore,Tamil Nadu
BANGALORE,BANGALORE,Bhadravathi,Karnataka
BANGALORE,BANGALORE,Bangalore,Karnataka
BANGALORE,BANGALORE,Bangalore,Karnataka
GURGAON,GURGAON,Gurgoan,Haryana
BANGALORE,BANGALORE,Bangalore,Karnataka
BANGALORE,BANGALORE,Bangalore,Karnataka
BANGALORE,BANGALORE,Bangalore,Karnataka
BANGALORE,CHENNAI,Cuddalore,Tamil Nadu
BANGALORE,BANGALORE,Salem,Tamil Nadu
BANGALORE,BANGALORE,Bangalore,Karnataka
BANGALORE,BANGALORE,Sattur,Tamil Nadu
GURGAON,NOIDA,New Delhi,New Delhi
GURGAON,GURGAON,Gurgoan,Haryana
BANGALORE,BANGALORE,Bangalore,Karnataka
BANGALORE,BANGALORE,Salem,Tamil Nadu
BANGALORE,BANGALORE,Bangalore,Karnataka
NOIDA,NOIDA,Noida,Uttar Pradesh
NOIDA,NOIDA,Noida,Uttar Pradesh
NOIDA,NOIDA,Noida,Uttar Pradesh
NOIDA,NOIDA,Noida,Uttar Pradesh
NOIDA,NOIDA,Noida,Uttar Pradesh
NOIDA,NOIDA,Noida,Uttar Pradesh
NOIDA,NOIDA,Noida,Uttar Pradesh
KOLKATA,KOLKATA,Kolkata,West Bengal
KOLKATA,KOLKATA,Kolkata,West Bengal
NOIDA,NOIDA,Noida,Uttar Pradesh
GURGAON,GURGAON,Gurgoan,Haryana
NOIDA,NOIDA,Noida,Uttar Pradesh
KOLKATA,KOLKATA,Kolkata,West Bengal
NOIDA,NOIDA,Noida,Uttar Pradesh
BANGALORE,BANGALORE,Bangalore,Karnataka
BANGALORE,BANGALORE,Bangalore,Karnataka
BANGALORE,BANGALORE,Bangalore,Karnataka
BANGALORE,BANGALORE,Bangalore,Karnataka
BANGALORE,BANGALORE,Bangalore,Karnataka
NOIDA,NOIDA,Noida,Uttar Pradesh
NOIDA,NOIDA,Noida,Uttar Pradesh
NOIDA,NOIDA,Noida,Uttar Pradesh
BANGALORE,PUNE,Pune,Maharashtra
NOIDA,NOIDA,Rishikesh,Uttarakhand
NOIDA,NOIDA,Noida,Uttar Pradesh
NOIDA,NOIDA,Noida,Uttar Pradesh
NOIDA,NOIDA,Noida,Uttar Pradesh
NOIDA,NOIDA,Noida,Uttar Pradesh
BANGALORE,BANGALORE,Bangalore,Karnataka
NOIDA,NOIDA,Noida,Uttar Pradesh
NOIDA,NOIDA,Noida,Uttar Pradesh
NOIDA,NOIDA,Noida,Uttar Pradesh
NOIDA,NOIDA,Noida,Uttar Pradesh
GURGAON,GURGAON,Gurgoan,Haryana
NOIDA,NOIDA,Noida,Uttar Pradesh
NOIDA,NOIDA,Saharanpur,Uttar Pradesh
BANGALORE,BANGALORE,Salem,Tamil Nadu
BANGALORE,BANGALORE,Nallur,Karnataka
BANGALORE,BANGALORE,Bangalore,Karnataka
NOIDA,NOIDA,Noida,Uttar Pradesh
NOIDA,NOIDA,Noida,Uttar Pradesh
NOIDA,NOIDA,Noida,Uttar Pradesh
NOIDA,NOIDA,Noida,Uttar Pradesh
NOIDA,NOIDA,Noida,Uttar Pradesh
BANGALORE,BANGALORE,Bangalore,Karnataka
BANGALORE,BANGALORE,Malappuram,Kerala 
BANGALORE,BANGALORE,Bangalore,Karnataka
NOIDA,NOIDA,Noida,Uttar Pradesh
BANGALORE,BANGALORE,Bangalore,Karnataka
BANGALORE,BANGALORE,Nellore,Andhra Pradesh
BANGALORE,BANGALORE,Bangalore,Karnataka
BANGALORE,BANGALORE,Kasaragod ,Kerala 
NOIDA,NOIDA,Noida,Uttar Pradesh
NOIDA,NOIDA,Noida,Uttar Pradesh
BANGALORE,BANGALORE,Bangalore,Karnataka
NOIDA,NOIDA,Noida,Uttar Pradesh
NOIDA,NOIDA,Noida,Uttar Pradesh
BANGALORE,BANGALORE,Bangalore,Karnataka
NOIDA,NOIDA,Noida,Uttar Pradesh
NOIDA,NOIDA,Noida,Uttar Pradesh
NOIDA,NOIDA,Noida,Uttar Pradesh
BANGALORE,BANGALORE,Bangalore,Karnataka
NOIDA,NOIDA,Noida,Uttar Pradesh
NOIDA,NOIDA,Noida,Uttar Pradesh
BANGALORE,BANGALORE,Bangalore,Karnataka
NOIDA,NOIDA,Noida,Uttar Pradesh
NOIDA,NOIDA,Noida,Uttar Pradesh
BANGALORE,BANGALORE,Bangalore,Karnataka
NOIDA,NOIDA,Noida,Uttar Pradesh
BANGALORE,BANGALORE,Tirunelvli,Tamil Nadu
NOIDA,NOIDA,Lucknow,Uttar Pradesh
NOIDA,NOIDA,Noida,Uttar Pradesh
NOIDA,NOIDA,Noida,Uttar Pradesh
BANGALORE,BANGALORE,Bangalore,Karnataka
NOIDA,NOIDA,Noida,Uttar Pradesh
NOIDA,NOIDA,Noida,Uttar Pradesh
BANGALORE,BANGALORE,Bangalore,Karnataka
BANGALORE,BANGALORE,Bangalore,Karnataka
NOIDA,NOIDA,Noida,Uttar Pradesh
BANGALORE,BANGALORE,Kasaragod ,Kerala 
BANGALORE,BANGALORE,Bangalore,Karnataka
NOIDA,NOIDA,Jaipur,Rajasthan
BANGALORE,BANGALORE,Bangalore,Karnataka
BANGALORE,BANGALORE,Anatapuram,Andhra Pradesh
BANGALORE,BANGALORE,Bangalore,Karnataka
NOIDA,NOIDA,Noida,Uttar Pradesh
NOIDA,NOIDA,Noida,Uttar Pradesh
NOIDA,NOIDA,Noida,Uttar Pradesh
BANGALORE,MUMBAI,Thane,Maharashtra
BANGALORE,BANGALORE,Bangalore,Karnataka
BANGALORE,BANGALORE,Bangalore,Karnataka
BANGALORE,CHENNAI,Chennai,Tamil Nadu
NOIDA,NOIDA,Jahanabad/Patna,Bihar
NOIDA,NOIDA,Noida,Uttar Pradesh
BANGALORE,BANGALORE,Bangalore,Karnataka
NOIDA,NOIDA,Noida,Uttar Pradesh
NOIDA,PUNE,Pune,Maharashtra
BANGALORE,BANGALORE,Salem,Tamil Nadu
BANGALORE,BANGALORE,Ananthapur,Andhra Pradesh
NOIDA,NOIDA,Noida,Uttar Pradesh
BANGALORE,BANGALORE,Bangalore,Karnataka
NOIDA,NOIDA,Noida,Uttar Pradesh
NOIDA,GURGAON,Abohar,Rajasthan
NOIDA,NOIDA,Agra,Uttar Pradesh
NOIDA,NOIDA,Agra,Uttar Pradesh
NOIDA,PUNE,Ahmedabad,Gujarat
NOIDA,PUNE,Ahmednagar,Maharashtra
NOIDA,NOIDA,Aligarh,Uttar Pradesh
GURGAON,NOIDA,Aligarh,Uttar Pradesh
GURGAON,NOIDA,Aligarh,Uttar Pradesh
NOIDA,NOIDA,Allahabad,Uttar Pradesh
GURGAON,GURGAON,Alwar,Rajasthan
NOIDA,NOIDA,Ambala,Punjab
BANGALORE,BANGALORE,Anantapur,Andhra Pradesh
BANGALORE,BANGALORE,Anantapur ,Andhra Pradesh
NOIDA,KOLKATA,Arrah,Bihar
NOIDA,NOIDA,Babhani ,Uttar Pradesh
NOIDA,GURGAON,Bahadurgarh,Haryana
BANGALORE,BANGALORE,Bangalore,Karnataka
BANGALORE,BANGALORE,Bangalore,Karnataka
BANGALORE,BANGALORE,Bangalore,Karnataka
BANGALORE,BANGALORE,Bangalore,Karnataka
BANGALORE,BANGALORE,Bangalore,Karnataka
BANGALORE,BANGALORE,Bangalore,Karnataka
BANGALORE,BANGALORE,Bangalore,Karnataka
BANGALORE,BANGALORE,Bangalore,Karnataka
BANGALORE,BANGALORE,Bangalore,Karnataka
BANGALORE,BANGALORE,Bangalore,Karnataka
BANGALORE,BANGALORE,Bangalore,Karnataka
BANGALORE,BANGALORE,Bangalore,Karnataka
BANGALORE,BANGALORE,Bangalore,Karnataka
BANGALORE,BANGALORE,Bangalore,Karnataka
BANGALORE,BANGALORE,Bangalore,Karnataka
BANGALORE,BANGALORE,Bangalore,Karnataka
BANGALORE,BANGALORE,Bangalore,Karnataka
BANGALORE,BANGALORE,Bangalore,Karnataka
BANGALORE,BANGALORE,Bangalore,Karnataka
BANGALORE,BANGALORE,Bangalore,Karnataka
BANGALORE,BANGALORE,Bangalore,Karnataka
KOLKATA,BANGALORE,Bangalore,Karnataka
BANGALORE,BANGALORE,Bangalore,Karnataka
BANGALORE,BANGALORE,Bangalore,Karnataka
BANGALORE,BANGALORE,Bangalore,Karnataka
BANGALORE,BANGALORE,Bangalore,Karnataka
BANGALORE,BANGALORE,Bangalore,Karnataka
BANGALORE,BANGALORE,Bangalore,Karnataka
BANGALORE,BANGALORE,Bangalore,Karnataka
BANGALORE,BANGALORE,Bangalore,Karnataka
BANGALORE,BANGALORE,Bangalore,Karnataka
BANGALORE,BANGALORE,Bangalore,Karnataka
BANGALORE,BANGALORE,Bangalore,Karnataka
BANGALORE,BANGALORE,Bangalore,Karnataka
BANGALORE,BANGALORE,Bangalore,Karnataka
BANGALORE,BANGALORE,Bangalore,Karnataka
BANGALORE,BANGALORE,Bangalore,Karnataka
BANGALORE,BANGALORE,Bangalore,Karnataka
BANGALORE,BANGALORE,Bangalore,Karnataka
BANGALORE,BANGALORE,Bangalore,Karnataka
BANGALORE,BANGALORE,Bangalore,Karnataka
BANGALORE,BANGALORE,Bangalore,Karnataka
NOIDA,KOLKATA,Banka,Bihar
KOLKATA,KOLKATA,Bankura,West Bengal
NOIDA,NOIDA,Bareilly,Uttar Pradesh
NOIDA,NOIDA,Bareilly,Uttar Pradesh
NOIDA,NOIDA,Basti,Uttar Pradesh
NOIDA,KOLKATA,Begusari,Bihar
BANGALORE,BANGALORE,Bengaluru,Karnataka
GURGAON,KOLKATA,Berhampur,Odisha
NOIDA,KOLKATA,Bhagalpur,Bihar
NOIDA,PUNE,Bharuch,Gujarat
NOIDA,NOIDA,Bhilai,Chhattisgarh
NOIDA,NOIDA,Bhilwara,Uttar Pradesh
NOIDA,GURGAON,Bhilwara,Rajasthan
GURGAON,GURGAON,Bhiwani,Haryana
BANGALORE,KOLKATA,Bhubaneshwar,Odisha
NOIDA,GURGAON,Bikaner,Rajasthan
GURGAON,KOLKATA,Brahmapur,Odisha
NOIDA,GURGAON,"Buhana,Jhunjhunu",Rajasthan
NOIDA,NOIDA,Bulandshahr,Uttar Pradesh
NOIDA,NOIDA,Chandauli,Uttar Pradesh
GURGAON,NOIDA,Chandigarh,Punjab
NOIDA,NOIDA,Chandigarh,Punjab
NOIDA,NOIDA,Chandigarh,Punjab
NOIDA,NOIDA,Chandigarh,Punjab
GURGAON,GURGAON,Charkhi Dadri,Haryana
CHENNAI,CHENNAI,Chennai,Tamil Nadu
BANGALORE,CHENNAI,Chennai,Tamil Nadu
CHENNAI,CHENNAI,Chennai,Tamil Nadu
CHENNAI,CHENNAI,Chennai,Tamil Nadu
CHENNAI,CHENNAI,Chennai,Tamil Nadu
CHENNAI,CHENNAI,Chennai,Tamil Nadu
CHENNAI,CHENNAI,Chennai,Tamil Nadu
CHENNAI,CHENNAI,Chennai,Tamil Nadu
GURGAON,NOIDA,Chhindwara,Madhya Pradesh
NOIDA,GURGAON,Chirawa,Rajasthan
BANGALORE,BANGALORE,Chittoor,Andhra Pradesh
BANGALORE,BANGALORE,Chittoor,Andhra Pradesh
BANGALORE,CHENNAI,Coimbatore,Tamil Nadu
NOIDA,NOIDA,Dehradun,Uttarakhand
NOIDA,NOIDA,Dehradun,Uttarakhand
NOIDA,NOIDA,New Delhi,New Delhi
NOIDA,NOIDA,New Delhi,New Delhi
NOIDA,NOIDA,New Delhi,New Delhi
NOIDA,NOIDA,New Delhi,New Delhi
NOIDA,NOIDA,New Delhi,New Delhi
NOIDA,NOIDA,New Delhi,New Delhi
NOIDA,NOIDA,New Delhi,New Delhi
NOIDA,NOIDA,New Delhi,New Delhi
NOIDA,NOIDA,New Delhi,New Delhi
NOIDA,NOIDA,New Delhi,New Delhi
NOIDA,NOIDA,New Delhi,New Delhi
GURGAON,NOIDA,New Delhi,New Delhi
NOIDA,NOIDA,New Delhi,New Delhi
NOIDA,NOIDA,New Delhi,New Delhi
NOIDA,NOIDA,New Delhi,New Delhi
NOIDA,NOIDA,New Delhi,New Delhi
NOIDA,NOIDA,New Delhi,New Delhi
NOIDA,NOIDA,Delhi,Uttar Pradesh
NOIDA,NOIDA,New Delhi,New Delhi
NOIDA,NOIDA,New Delhi,New Delhi
GURGAON,GURGAON,New Delhi,New Delhi
NOIDA,NOIDA,New Delhi,New Delhi
NOIDA,NOIDA,New Delhi,New Delhi
GURGAON,NOIDA,New Delhi,New Delhi
NOIDA,NOIDA,New Delhi,New Delhi
NOIDA,NOIDA,New Delhi,New Delhi
NOIDA,NOIDA,New Delhi,New Delhi
NOIDA,NOIDA,New Delhi,New Delhi
NOIDA,NOIDA,New Delhi,New Delhi
NOIDA,NOIDA,New Delhi,New Delhi
NOIDA,GURGAON,New Delhi,New Delhi
NOIDA,NOIDA,New Delhi,New Delhi
NOIDA,NOIDA,New Delhi,New Delhi
GURGAON,GURGAON,New Delhi,New Delhi
NOIDA,NOIDA,New Delhi,New Delhi
NOIDA,NOIDA,New Delhi,New Delhi
GURGAON,GURGAON,New Delhi,New Delhi
NOIDA,NOIDA,New Delhi,New Delhi
NOIDA,NOIDA,New Delhi,New Delhi
NOIDA,NOIDA,New Delhi,New Delhi
NOIDA,NOIDA,New Delhi,New Delhi
NOIDA,NOIDA,Dewas,Madhya Pradesh
BANGALORE,KOLKATA,Dhanbad,Jharkhand
NOIDA,KOLKATA,Dhansoin,Bihar
NOIDA,GURGAON,Dholpur,Rajasthan
NOIDA,NOIDA,Dwarka,New Delhi
NOIDA,GURGAON,Faridabad,Haryana
GURGAON,GURGAON,Faridabad,Haryana
GURGAON,GURGAON,Faridabad,Haryana
NOIDA,GURGAON,Faridabad,Haryana
NOIDA,GURGAON,Faridabad,Haryana
NOIDA,GURGAON,Faridabad,Haryana
NOIDA,GURGAON,Faridabad,Haryana
NOIDA,GURGAON,Faridabad,Haryana
NOIDA,GURGAON,Faridabad,Haryana
NOIDA,GURGAON,Faridabad,Haryana
GURGAON,GURGAON,Faridabad,Haryana
NOIDA,GURGAON,Faridabad,Haryana
NOIDA,GURGAON,Faridabad,Haryana
NOIDA,GURGAON,Faridabad,Haryana
GURGAON,GURGAON,Faridabad,Haryana
NOIDA,GURGAON,Faridabad,Haryana
NOIDA,GURGAON,Faridabad,Haryana
NOIDA,GURGAON,Faridabad,Haryana
GURGAON,NOIDA,Fatehpur,Uttar Pradesh
NOIDA,KOLKATA,Garhwa,Jharkhand
NOIDA,NOIDA,Ghaziabad,Uttar Pradesh
NOIDA,NOIDA,Ghaziabad,Uttar Pradesh
NOIDA,NOIDA,Ghaziabad,Uttar Pradesh
NOIDA,NOIDA,Ghaziabad,Uttar Pradesh
NOIDA,NOIDA,Ghaziabad,Uttar Pradesh
NOIDA,NOIDA,Ghaziabad,Uttar Pradesh
NOIDA,NOIDA,Ghaziabad,Uttar Pradesh
NOIDA,NOIDA,Ghaziabad,Uttar Pradesh
NOIDA,NOIDA,Ghaziabad,Uttar Pradesh
NOIDA,NOIDA,Ghaziabad,Uttar Pradesh
NOIDA,NOIDA,Ghaziabad,Uttar Pradesh
NOIDA,NOIDA,Ghaziabad,Uttar Pradesh
NOIDA,NOIDA,Ghaziabad,Uttar Pradesh
NOIDA,NOIDA,Ghaziabad,Uttar Pradesh
NOIDA,NOIDA,Ghaziabad,Uttar Pradesh
NOIDA,NOIDA,Ghaziabad,Uttar Pradesh
NOIDA,NOIDA,Ghaziabad,Uttar Pradesh
NOIDA,NOIDA,Ghaziabad,Uttar Pradesh
NOIDA,NOIDA,Ghaziabad,Uttar Pradesh
NOIDA,NOIDA,Ghaziabad,Uttar Pradesh
NOIDA,NOIDA,Ghaziabad,Uttar Pradesh
NOIDA,NOIDA,Ghaziabad,Uttar Pradesh
NOIDA,NOIDA,Ghaziabad,Uttar Pradesh
NOIDA,NOIDA,Ghaziabad,Uttar Pradesh
NOIDA,NOIDA,Ghaziabad,Uttar Pradesh
NOIDA,NOIDA,Ghaziabad,Uttar Pradesh
NOIDA,NOIDA,Ghaziabad,Uttar Pradesh
NOIDA,NOIDA,Ghaziabad,Uttar Pradesh
NOIDA,NOIDA,Ghaziabad,Uttar Pradesh
GURGAON,NOIDA,Ghaziabad,Uttar Pradesh
NOIDA,NOIDA,Ghaziabad,Uttar Pradesh
NOIDA,NOIDA,Ghaziabad,Uttar Pradesh
NOIDA,NOIDA,Ghaziabad,Uttar Pradesh
NOIDA,NOIDA,Ghaziabad,Uttar Pradesh
NOIDA,NOIDA,Ghaziabad,Uttar Pradesh
NOIDA,NOIDA,Ghaziabad,Uttar Pradesh
NOIDA,NOIDA,Ghaziabad,Uttar Pradesh
NOIDA,NOIDA,Ghaziabad,Uttar Pradesh
NOIDA,NOIDA,Ghaziabad,Uttar Pradesh
NOIDA,NOIDA,Ghaziabad,Uttar Pradesh
NOIDA,NOIDA,Ghaziabad,Uttar Pradesh
NOIDA,NOIDA,Ghaziabad,Uttar Pradesh
NOIDA,NOIDA,Ghaziabad,Uttar Pradesh
NOIDA,NOIDA,Ghaziabad,Uttar Pradesh
NOIDA,NOIDA,Ghaziabad,Uttar Pradesh
NOIDA,NOIDA,Ghaziabad,Uttar Pradesh
NOIDA,NOIDA,Ghaziabad,Uttar Pradesh
NOIDA,NOIDA,Ghaziabad,Uttar Pradesh
NOIDA,NOIDA,Ghaziabad,Uttar Pradesh
NOIDA,NOIDA,Ghaziabad,Uttar Pradesh
NOIDA,NOIDA,Ghaziabad,Uttar Pradesh
NOIDA,NOIDA,Ghaziabad,Uttar Pradesh
NOIDA,NOIDA,Ghaziabad,Uttar Pradesh
NOIDA,NOIDA,Ghaziabad,Uttar Pradesh
NOIDA,NOIDA,Ghaziabad,Uttar Pradesh
NOIDA,NOIDA,Ghaziabad,Uttar Pradesh
NOIDA,NOIDA,Ghaziabad,Uttar Pradesh
NOIDA,NOIDA,Ghaziabad,Uttar Pradesh
NOIDA,NOIDA,Ghaziabad,Uttar Pradesh
NOIDA,NOIDA,Ghaziabad,Uttar Pradesh
NOIDA,NOIDA,Ghaziabad,Uttar Pradesh
NOIDA,NOIDA,Ghaziabad,Uttar Pradesh
NOIDA,NOIDA,Ghaziabad,Uttar Pradesh
NOIDA,NOIDA,Ghaziabad,Uttar Pradesh
NOIDA,NOIDA,Ghaziabad,Uttar Pradesh
NOIDA,NOIDA,Greater Noida,Uttar Pradesh
NOIDA,NOIDA,Greater Noida,Uttar Pradesh
NOIDA,NOIDA,Greater Noida,Uttar Pradesh
NOIDA,NOIDA,Greater Noida,Uttar Pradesh
NOIDA,NOIDA,Greater Noida,Uttar Pradesh
NOIDA,NOIDA,Greater Noida,Uttar Pradesh
NOIDA,NOIDA,Greater Noida,Uttar Pradesh
NOIDA,NOIDA,Greater Noida,Uttar Pradesh
NOIDA,NOIDA,Greater Noida,Uttar Pradesh
NOIDA,NOIDA,Greater Noida,Uttar Pradesh
NOIDA,NOIDA,Greater Noida,Uttar Pradesh
NOIDA,NOIDA,Greater Noida,Uttar Pradesh
BANGALORE,BANGALORE,Gulbarga,Karnataka
NOIDA,GURGAON,Gurugram,Haryana
GURGAON,GURGAON,Gurugram,Haryana
GURGAON,GURGAON,Gurugram,Haryana
GURGAON,GURGAON,Gurugram,Haryana
GURGAON,GURGAON,Gurugram,Haryana
NOIDA,GURGAON,Gurugram,Haryana
GURGAON,GURGAON,Gurugram,Haryana
NOIDA,GURGAON,Gurugram,Haryana
GURGAON,GURGAON,Gurugram,Haryana
GURGAON,GURGAON,Gurugram,Haryana
GURGAON,GURGAON,Gurugram,Haryana
GURGAON,GURGAON,Gurugram,Haryana
NOIDA,GURGAON,Gurugram,Haryana
NOIDA,GURGAON,Gurugram,Haryana
NOIDA,GURGAON,Gurugram,Haryana
NOIDA,NOIDA,Gwalior,Madhya Pradesh
NOIDA,NOIDA,Gwalior ,Madhya Pradesh
NOIDA,KOLKATA,Hajipur,Bihar
NOIDA,KOLKATA,Hajipur,Bihar
NOIDA,NOIDA,Haldwani,Uttarakhand
NOIDA,NOIDA,Hamirpur,Himachal Pradesh
NOIDA,GURGAON,Hanumangarh,Rajasthan
NOIDA,NOIDA,Hapur,Uttar Pradesh
NOIDA,NOIDA,Hapur,Uttar Pradesh
NOIDA,NOIDA,Hapur,Uttar Pradesh
NOIDA,NOIDA,Haridwar,Uttarakhand
NOIDA,NOIDA,Hastinapur,Uttar Pradesh
NOIDA,NOIDA,Hathras,Uttar Pradesh
NOIDA,GURGAON,Hisar,Haryana
NOIDA,KOLKATA,Hisua,Bihar
KOLKATA,KOLKATA,Hooghly,West Bengal
NOIDA,NOIDA,Hoshiarpur,Punjab
KOLKATA,KOLKATA,Howrah,West Bengal
NOIDA,KOLKATA,Howrah,West Bengal
BANGALORE,BANGALORE,Hubli,Karnataka
NOIDA,BANGALORE,Hyderabad,Andhra Pradesh
BANGALORE,HYDERABAD,Hyderabad,Telangana
BANGALORE,HYDERABAD,Hyderabad,Telangana
NOIDA,NOIDA,Indore,Madhya Pradesh
NOIDA,GURGAON,Jaipur,Rajasthan
NOIDA,GURGAON,Jaipur,Rajasthan
NOIDA,GURGAON,Jaipur,Rajasthan
NOIDA,GURGAON,Jaipur,Rajasthan
NOIDA,GURGAON,Jaipur,Rajasthan
NOIDA,NOIDA,Jamalpur,Uttar Pradesh
NOIDA,KOLKATA,Jamshedpur,Jharkhand
NOIDA,KOLKATA,Jamshedpur,Jharkhand
NOIDA,NOIDA,Jaunpur,Uttar Pradesh
NOIDA,NOIDA,Jaunpur,Uttar Pradesh
GURGAON,GURGAON,Jhajjar,Haryana
NOIDA,NOIDA,Jhansi,Uttar Pradesh
NOIDA,NOIDA,Jhansi,Uttar Pradesh
GURGAON,GURGAON,Jhunjhunu,Rajasthan
NOIDA,GURGAON,Jind,Haryana
NOIDA,GURGAON,Jodhpur,Rajasthan
NOIDA,KOLKATA,Kalyani,West Bengal
KOLKATA,KOLKATA,Kalyani ,West Bengal
BANGALORE,HYDERABAD,Kammam,Andhra Pradesh
NOIDA,NOIDA,Kangra,Himachal Pradesh
NOIDA,NOIDA,Kanpur,Uttar Pradesh
NOIDA,NOIDA,Kanpur,Uttar Pradesh
GURGAON,NOIDA,Kanpur,Uttar Pradesh
NOIDA,NOIDA,Kanpur,Uttar Pradesh
NOIDA,NOIDA,Kanpur,Uttar Pradesh
NOIDA,NOIDA,Kanpur,Uttar Pradesh
GURGAON,NOIDA,Kanpur,Uttar Pradesh
NOIDA,NOIDA,Kanpur,Uttar Pradesh
BANGALORE,BANGALORE,Karwar,Karnataka
KOLKATA,KOLKATA,Kolkata,West Bengal
KOLKATA,KOLKATA,Kolkata,West Bengal
KOLKATA,KOLKATA,Kolkata,West Bengal
NOIDA,KOLKATA,Kolkata,West Bengal
KOLKATA,KOLKATA,Kolkata,West Bengal
KOLKATA,KOLKATA,Kolkata,West Bengal
KOLKATA,KOLKATA,Kolkata,West Bengal
KOLKATA,KOLKATA,Kolkata,West Bengal
KOLKATA,KOLKATA,Kolkata,West Bengal
KOLKATA,KOLKATA,Kolkata,West Bengal
KOLKATA,KOLKATA,Kolkata,West Bengal
KOLKATA,KOLKATA,Kolkata,West Bengal
KOLKATA,KOLKATA,Kolkata,West Bengal
KOLKATA,KOLKATA,Kolkata,West Bengal
KOLKATA,KOLKATA,Kolkata,West Bengal
NOIDA,KOLKATA,Kolkata,West Bengal
KOLKATA,KOLKATA,Kolkata,West Bengal
KOLKATA,KOLKATA,Kolkata,West Bengal
KOLKATA,KOLKATA,Kolkata,West Bengal
KOLKATA,KOLKATA,Kolkata,West Bengal
KOLKATA,KOLKATA,Kolkata,West Bengal
BANGALORE,KOLKATA,Kolkata,West Bengal
KOLKATA,KOLKATA,Kolkata,West Bengal
KOLKATA,KOLKATA,Kolkata,West Bengal
NOIDA,KOLKATA,Kolkata,West Bengal
KOLKATA,KOLKATA,Kolkata,West Bengal
KOLKATA,KOLKATA,Kolkata,West Bengal
KOLKATA,KOLKATA,Kolkata,West Bengal
KOLKATA,KOLKATA,Kolkata,West Bengal
KOLKATA,KOLKATA,Kolkata,West Bengal
KOLKATA,KOLKATA,Kolkata,West Bengal
KOLKATA,KOLKATA,Kolkata,West Bengal
BANGALORE,KOLKATA,Kolkata,West Bengal
KOLKATA,KOLKATA,Kolkata,West Bengal
KOLKATA,KOLKATA,Kolkata,West Bengal
KOLKATA,KOLKATA,Kolkata,West Bengal
NOIDA,KOLKATA,Kolkata,West Bengal
NOIDA,KOLKATA,Kolkata,West Bengal
KOLKATA,KOLKATA,Kolkata,West Bengal
NOIDA,KOLKATA,Kolkata,West Bengal
BANGALORE,KOLKATA,Konnagar,West Bengal
BANGALORE,BANGALORE,Kota,Rajasthan
GURGAON,GURGAON,Kota,Rajasthan
BANGALORE,BANGALORE,Krishnagiri ,Tamil Nadu
NOIDA,NOIDA,Kuala Lumpur ,Malaysia
NOIDA,BANGALORE,Kunnumpuram,Kerala 
NOIDA,GURGAON,Kurukshetra,Haryana
NOIDA,NOIDA,Lucknow,Uttar Pradesh
NOIDA,NOIDA,Lucknow,Uttar Pradesh
NOIDA,NOIDA,Lucknow,Uttar Pradesh
GURGAON,NOIDA,Lucknow,Uttar Pradesh
NOIDA,NOIDA,Lucknow,Uttar Pradesh
NOIDA,NOIDA,Ludhiana,Punjab
NOIDA,KOLKATA,Madhubani,Bihar
PUNE,NOIDA,Mandsaur,Madhya Pradesh
BANGALORE,BANGALORE,Mangalore,Karnataka
BANGALORE,BANGALORE,Mangalore,Karnataka
NOIDA,NOIDA,Mathura,Uttar Pradesh
NOIDA,NOIDA,Mathura ,Uttar Pradesh
NOIDA,NOIDA,Meerut,Uttar Pradesh
NOIDA,NOIDA,Meerut,Uttar Pradesh
NOIDA,NOIDA,Meerut,Uttar Pradesh
NOIDA,NOIDA,Meerut,Uttar Pradesh
NOIDA,NOIDA,Merrut,Uttar Pradesh
NOIDA,NOIDA,Mhow,Madhya Pradesh
NOIDA,NOIDA,Mirzapur,Uttar Pradesh
NOIDA,NOIDA,Mohali,Punjab
NOIDA,NOIDA,Mohali,Punjab
NOIDA,NOIDA,Moradabad,Uttar Pradesh
NOIDA,NOIDA,Moradabad ,Uttar Pradesh
NOIDA,KOLKATA,Motihari,Bihar
PUNE,MUMBAI,Mumbai,Maharashtra
BANGALORE,MUMBAI,Mumbai,Maharashtra
BANGALORE,MUMBAI,Mumbai,Maharashtra
NOIDA,MUMBAI,Mumbai,Maharashtra
NOIDA,NOIDA,Muzaffarnagar,Uttar Pradesh
NOIDA,NOIDA,Muzaffarnagar,Uttar Pradesh
NOIDA,KOLKATA,Muzzafarpur,Bihar
NOIDA,KOLKATA,Nalanda,Bihar
NOIDA,KOLKATA,Nalhati,West Bengal
BANGALORE,BANGALORE,Nander,Maharashtra
GURGAON,PUNE,Nandurbar,Maharashtra
PUNE,MUMBAI,Navi Mumbai,Maharashtra
NOIDA,KOLKATA,Nawada,Bihar
NOIDA,GURGAON,Neemuch,Rajasthan
BANGALORE,BANGALORE,Nellore,Andhra Pradesh
BANGALORE,CHENNAI,Nellore,Andhra Pradesh
BANGALORE,BANGALORE,Nellore,Andhra Pradesh
GURGAON,NOIDA,New Delhi,New Delhi
NOIDA,NOIDA,New Delhi,New Delhi
GURGAON,GURGAON,New Delhi,New Delhi
NOIDA,NOIDA,New Delhi,New Delhi
NOIDA,NOIDA,New Delhi,New Delhi
NOIDA,NOIDA,New Delhi,New Delhi
NOIDA,NOIDA,New Delhi,New Delhi
NOIDA,NOIDA,New Delhi,New Delhi
NOIDA,NOIDA,New Delhi,New Delhi
NOIDA,NOIDA,New Delhi,New Delhi
NOIDA,NOIDA,New Delhi,New Delhi
NOIDA,NOIDA,New Delhi,New Delhi
NOIDA,NOIDA,New Delhi,New Delhi
NOIDA,NOIDA,New Delhi,New Delhi
NOIDA,NOIDA,New Delhi,New Delhi
GURGAON,NOIDA,New Delhi,New Delhi
NOIDA,NOIDA,Noida,Uttar Pradesh
NOIDA,NOIDA,Noida,Uttar Pradesh
NOIDA,NOIDA,Noida,Uttar Pradesh
NOIDA,NOIDA,Noida,Uttar Pradesh
NOIDA,NOIDA,Noida,Uttar Pradesh
NOIDA,NOIDA,Noida,Uttar Pradesh
NOIDA,NOIDA,Noida,Uttar Pradesh
NOIDA,NOIDA,Noida,Uttar Pradesh
NOIDA,NOIDA,Noida,Uttar Pradesh
NOIDA,NOIDA,Noida,Uttar Pradesh
NOIDA,NOIDA,Noida,Uttar Pradesh
NOIDA,NOIDA,Noida,Uttar Pradesh
NOIDA,NOIDA,Noida,Uttar Pradesh
NOIDA,NOIDA,Noida,Uttar Pradesh
NOIDA,NOIDA,Noida,Uttar Pradesh
NOIDA,NOIDA,Noida,Uttar Pradesh
NOIDA,NOIDA,Noida,Uttar Pradesh
NOIDA,NOIDA,Noida,Uttar Pradesh
NOIDA,NOIDA,Noida,Uttar Pradesh
NOIDA,NOIDA,Noida,Uttar Pradesh
NOIDA,NOIDA,Noida,Uttar Pradesh
NOIDA,NOIDA,Noida,Uttar Pradesh
NOIDA,NOIDA,Noida,Uttar Pradesh
NOIDA,NOIDA,Noida,Uttar Pradesh
NOIDA,NOIDA,Noida,Uttar Pradesh
NOIDA,NOIDA,Noida,Uttar Pradesh
NOIDA,NOIDA,Noida,Uttar Pradesh
NOIDA,NOIDA,Noida,Uttar Pradesh
NOIDA,NOIDA,Noida,Uttar Pradesh
NOIDA,NOIDA,Noida,Uttar Pradesh
NOIDA,NOIDA,Noida,Uttar Pradesh
NOIDA,NOIDA,Noida,Uttar Pradesh
NOIDA,NOIDA,Noida,Uttar Pradesh
NOIDA,NOIDA,Noida,Uttar Pradesh
NOIDA,NOIDA,Noida,Uttar Pradesh
NOIDA,NOIDA,Noida,Uttar Pradesh
NOIDA,NOIDA,Noida,Uttar Pradesh
NOIDA,NOIDA,Noida,Uttar Pradesh
NOIDA,NOIDA,Noida,Uttar Pradesh
NOIDA,NOIDA,Noida,Uttar Pradesh
NOIDA,NOIDA,Noida,Uttar Pradesh
NOIDA,NOIDA,Noida,Uttar Pradesh
NOIDA,NOIDA,Noida,Uttar Pradesh
NOIDA,NOIDA,Noida,Uttar Pradesh
NOIDA,NOIDA,Noida,Uttar Pradesh
NOIDA,NOIDA,Noida,Uttar Pradesh
NOIDA,NOIDA,Noida,Uttar Pradesh
NOIDA,NOIDA,Noida,Uttar Pradesh
NOIDA,NOIDA,Noida,Uttar Pradesh
NOIDA,NOIDA,Noida,Uttar Pradesh
NOIDA,NOIDA,Noida,Uttar Pradesh
NOIDA,NOIDA,Noida,Uttar Pradesh
NOIDA,NOIDA,Noida,Uttar Pradesh
NOIDA,NOIDA,Noida,Uttar Pradesh
NOIDA,NOIDA,Noida,Uttar Pradesh
NOIDA,NOIDA,Noida,Uttar Pradesh
NOIDA,NOIDA,Noida,Uttar Pradesh
NOIDA,NOIDA,Noida,Uttar Pradesh
NOIDA,NOIDA,Noida,Uttar Pradesh
GURGAON,NOIDA,Noida,Uttar Pradesh
NOIDA,NOIDA,Noida,Uttar Pradesh
NOIDA,NOIDA,Noida,Uttar Pradesh
GURGAON,NOIDA,Noida,Uttar Pradesh
NOIDA,NOIDA,Noida,Uttar Pradesh
NOIDA,NOIDA,North Lakhimpur,Uttar Pradesh
NOIDA,NOIDA,Palampur,Himachal Pradesh
NOIDA,GURGAON,Panchkula,Haryana
GURGAON,GURGAON,Panipat,Haryana
NOIDA,GURGAON,Panipat,Haryana
NOIDA,NOIDA,Patiala,Punjab
NOIDA,KOLKATA,Patna,Bihar
NOIDA,KOLKATA,Patna,Bihar
NOIDA,KOLKATA,Patna,Bihar
BANGALORE,KOLKATA,Patna,Bihar
NOIDA,KOLKATA,Patna,Bihar
NOIDA,KOLKATA,Patna,Bihar
NOIDA,NOIDA,Prayagraj ,Uttar Pradesh
PUNE,PUNE,Pune,Maharashtra
PUNE,PUNE,Pune,Maharashtra
PUNE,PUNE,Pune,Maharashtra
PUNE,PUNE,Pune,Maharashtra
PUNE,PUNE,Pune,Maharashtra
PUNE,PUNE,Pune,Maharashtra
PUNE,PUNE,Pune,Maharashtra
PUNE,PUNE,Pune,Maharashtra
PUNE,PUNE,Pune,Maharashtra
BANGALORE,PUNE,Pune,Maharashtra
PUNE,PUNE,Pune,Maharashtra
BANGALORE,BANGALORE,Puttur,Andhra Pradesh
NOIDA,NOIDA,Raipur,Chhattisgarh
NOIDA,GURGAON,Rewari,Haryana
NOIDA,GURGAON,Rewari,Haryana
NOIDA,GURGAON,Rewari,Haryana
NOIDA,NOIDA,Rishikesh,Uttarakhand
NOIDA,GURGAON,Rohtak,Haryana
NOIDA,GURGAON,Rohtak,Haryana
NOIDA,NOIDA,Roorkee,Uttarakhand
NOIDA,NOIDA,Roorkee,Uttarakhand
NOIDA,NOIDA,Rudrapur,Uttarakhand
NOIDA,NOIDA,Sagar,Madhya Pradesh
BANGALORE,CHENNAI,Salem,Tamil Nadu
NOIDA,NOIDA,Sangrur,Punjab
NOIDA,KOLKATA,Saran,Bihar
NOIDA,PUNE,Satara,Maharashtra
NOIDA,NOIDA,Shikohabad,Uttar Pradesh
NOIDA,NOIDA,Shimla,Himachal Pradesh
PUNE,PUNE,Sholapur,Maharashtra
NOIDA,NOIDA,Sikandrbad,Uttar Pradesh
NOIDA,KOLKATA,Siwan,Bihar
GURGAON,NOIDA,Sonebhadra,Uttar Pradesh
NOIDA,NOIDA,South New Delhi,New Delhi
NOIDA,KOLKATA,Supaul,Bihar
GURGAON,NOIDA,Tarn Taran,Punjab
GURGAON,GURGAON,Tohana,Haryana
NOIDA,GURGAON,Tonk,Rajasthan
NOIDA,BANGALORE,Udupi,Karnataka
NOIDA,NOIDA,Vaishali,Uttar Pradesh
NOIDA,NOIDA,Varanasi,Uttar Pradesh
NOIDA,NOIDA,Varanasi,Uttar Pradesh
BANGALORE,CHENNAI,Vellore,Tamil Nadu
BANGALORE,CHENNAI,Vellore,Tamil Nadu
CHENNAI,CHENNAI,Villivakkam,Tamil Nadu
NOIDA,HYDERABAD,Vishakapatnam,Andhra Pradesh
BANGALORE,HYDERABAD,Vishakapatnam,Andhra Pradesh
BANGALORE,HYDERABAD,Vizianagram,Andhra Pradesh
NOIDA,PUNE,Washim,Maharashtra
NOIDA,NOIDA,West Sagar Pur,New Delhi
NOIDA,GURGAON,Yamuna Nagar,Haryana
NOIDA,GURGAON,Yamuna Nagar,Haryana
NOIDA,NOIDA,FARIDABAD,HARYANA
NOIDA,NOIDA,MEERUT,UTTAR PRADESH
NOIDA,NOIDA,GORAKHPUR,UTTAR PRADESH
NOIDA,NOIDA,RIHAND,UTTAR PRADESH
BANGALORE,BANGALORE,GAYA,BIHAR
NOIDA,NOIDA,NOIDA,UTTAR PRADESH
NOIDA,NOIDA,AMROHA,UTTAR PRADESH
NOIDA,KOLKATA,KOLKATA,WEST BENGAL
NOIDA,BANGALORE,BANGALORE,KARNATAKA
NOIDA,KOLKATA,RANCHI,JHARKHAND
NOIDA,KOLKATA,RANCHI,JHARKHAND
NOIDA,KOLKATA,KISHANGANJ,BIHAR
NOIDA,NOIDA,DELHI,New Delhi
NOIDA,NOIDA,NOIDA,Uttar Pradesh
NOIDA,NOIDA,Sirsa ,Haryana
BANGALORE,BANGALORE,Bangalore,Karnataka
KOLKATA,KOLKATA,Sodepur,West Bengal
NOIDA,NOIDA,Noida,Uttar Pradesh
NOIDA,NOIDA,Noida,Uttar Pradesh
NOIDA,NOIDA,New Delhi,New Delhi
BANGALORE,BANGALORE,Bangalore,Karnataka
NOIDA,NOIDA,Gorakhpur,Uttar Pradesh
NOIDA,EGI Noida,Noida,New Delhi
NOIDA,EGI Noida,Noida,New Delhi
NOIDA,NOIDA,Greater Noida,Uttar Pradesh
NOIDA,NOIDA,Greater Noida,Uttar Pradesh
BANGALORE,BANGALORE,BANGALORE,Karnataka
BANGALORE,BANGALORE,Bangalore,Karnataka
BANGALORE,BANGALORE,Tirunelveli,Tamil Nadu
NOIDA,NOIDA,Indore,Madhya Pradesh
NOIDA,NOIDA,New Delhi,New Delhi
BANGALORE,BANGALORE,Bangalore,Karnataka
NOIDA,BANGALORE,Gwalior,Madhya Pradesh
BANGALORE,BANGALORE,Kotcherla,Andhra Pradesh
BANGALORE,BANGALORE,Bangalore,Karnataka
BANGALORE,BANGALORE,Bangalore,Karnataka
NOIDA,NOIDA,New Delhi,New Delhi
NOIDA,NOIDA,Kanpur,Uttar Pradesh
NOIDA,NOIDA,New Delhi,New Delhi
BANGALORE,BANGALORE,Bangalore,Karnataka
NOIDA,NOIDA,New Delhi,New Delhi
BANGALORE,KOLKATA,Gobardanga,West Bengal
BANGALORE,BANGALORE,Kannur,Kerala
NOIDA,KOLKATA,Madhubani,Bihar
BANGALORE,Kolkata,Kolkata,West Bengal
BANGALORE,BANGALORE,BANGALORE,Karnataka
BANGALORE,BANGALORE,BANGALORE,Karnataka
BANGALORE,BANGALORE,BANGALORE,Karnataka
BANGALORE,BANGALORE,Bangalore,Karnataka
NOIDA,GURGAON,Kota,Rajasthan
BANGALORE,BANGALORE,Bangalore,Karnataka
GURGAON,PUNE,Nagpur,Maharashtra
BANGALORE,BANGALORE,Bangalore,Karnataka
BANGALORE,BANGALORE,Trichy,Tamil Nadu
BANGALORE,KOLKATA,Balasore,Odisha
GURGAON,GURGAON,GURGAON,Haryana
BANGALORE,BANGALORE,Bangalore,Karnataka
NOIDA,NOIDA,Khushinagar,Uttar Pradesh
BANGALORE,BANGALORE,Bangalore,Karnataka
BANGALORE,BANGALORE,BANGALORE,Karnataka
BANGALORE,BANGALORE,Bangalore,Karnataka
BANGALORE,KOLKATA,Samastipur,Bihar
NOIDA,NOIDA,Noida,Uttar Pradesh
NOIDA,GURGAON,Pataudi,Haryana
BANGALORE,BANGALORE,Bangalore,Karnataka
BANGALORE,BANGALORE,Bellary,Karnataka
BANGALORE,BANGALORE,Bangalore,Karnataka
BANGALORE,BANGALORE,Maniganahalli,Karnataka
BANGALORE,BANGALORE,Bangalore,Karnataka
BANGALORE,CHENNAI,Chennai,Tamil Nadu
BANGALORE,BANGALORE,BANGALORE,Karnataka
BANGALORE,BANGALORE,Bangalore,Karnataka
BANGALORE,BANGALORE,Bangalore,Karnataka
BANGALORE,KOLKATA,Kolkata,West Bengal
BANGALORE,BANGALORE,BANGALORE,Karnataka
BANGALORE,BANGALORE,Kalikiri,Andhra Pradesh
BANGALORE,BANGALORE,Bangalore,Karnataka
GURGAON,GURGAON,GURGAON,Haryana
BANGALORE,BANGALORE,Bangalore,Karnataka
BANGALORE,BANGALORE,Galiveedu,Andhra Pradesh
BANGALORE,BANGALORE,Bangalore,Karnataka
BANGALORE,KOLKATA,Dhanbad,Jharkhand
BANGALORE,HYDERABAD,Hyderabad,Andhra Pradesh
NOIDA,NOIDA,New Delhi,New Delhi
NOIDA,NOIDA,BIJNOR,Uttar Pradesh
NOIDA,NOIDA,Noida,Uttar Pradesh
NOIDA,GURGAON,Faridabad,Haryana
BANGALORE,BANGALORE,BANGALORE,Karnataka
BANGALORE,BANGALORE,BANGALORE,Karnataka
NOIDA,NOIDA,New Delhi,New Delhi
NOIDA,NOIDA,Noida,Uttar Pradesh
BANGALORE,GURGAON,Ballabhgarh,Haryana
GURGAON,GURGAON,GURGAON,Haryana
NOIDA,NOIDA,Agra,Uttar Pradesh
NOIDA,NOIDA,Noida,Uttar Pradesh
BANGALORE,BANGALORE,BANGALORE,Karnataka
GURGAON,GURGAON,GURGAON,Haryana
BANGALORE,BANGALORE,Ganjam,Odisha
NOIDA,NOIDA,Noida,Uttar Pradesh
BANGALORE,BANGALORE,BANGALORE,Karnataka
KOLKATA,KOLKATA,Kolkata,West Bengal
NOIDA,NOIDA,New Delhi,New Delhi
GURGAON,PUNE,PUNE,Maharashtra
KOLKATA,KOLKATA,Kalyani,West Bengal
NOIDA,NOIDA,Noida,Uttar Pradesh
NOIDA,KOLKATA,Patna,Bihar
NOIDA,NOIDA,Noida,Uttar Pradesh
NOIDA,NOIDA,Moradabad,Uttar Pradesh
NOIDA,NOIDA,Allahabad,Uttar Pradesh
NOIDA,NOIDA,Banaras,Uttar Pradesh
NOIDA,NOIDA,NOIDA,Uttar Pradesh
NOIDA,NOIDA,Bilaspur,Himachal Pradesh
NOIDA,NOIDA,Noida,Uttar Pradesh
NOIDA,NOIDA,Sahibabad,Uttar Pradesh
NOIDA,NOIDA,Noida,Uttar Pradesh
BANGALORE,CHENNAI,Salem,Tamil Nadu
BANGALORE,BANGALORE,Bangalore,Karnataka
NOIDA,NOIDA,Noida,Uttar Pradesh
NOIDA,NEW_DELHI,New Delhi,New Delhi
BANGALORE,HYDERABAD,Hyderabad,Telangana
NOIDA,NOIDA,Bareilly,Uttar Pradesh
BANGALORE,BANGALORE,Bangalore,Karnataka
BANGALORE,BANGALORE,Kazhivoor,Kerala
BANGALORE,BANGALORE,Trivandrum,Kerala
BANGALORE,BANGALORE,Thiruvananthapuram,Kerala
BANGALORE,HYDERABAD,RAJAHMUNDRY ,Andhra Pradesh
BANGALORE,BANGALORE,Trivandrum ,Kerala
BANGALORE,BANGALORE,BANGALORE,Karnataka
BANGALORE,BANGALORE,Pallakad,Kerala
BANGALORE,BANGALORE,Coimbatore,Tamil Nadu
GURGAON,GURGAON,GURGAON,Haryana
BANGALORE,Kolkata,BANGALORE,Karnataka
NOIDA,NOIDA,Noida,Uttar Pradesh
BANGALORE,BANGALORE,Kannur,Kerala
BANGALORE,CHENNAI,Perambalur,Tamil Nadu
BANGALORE,BANGALORE,Bangalore,Karnataka
BANGALORE,BANGALORE,Mangalore ,Karnataka
NOIDA,NOIDA,Noida,Uttar Pradesh
BANGALORE,BANGALORE,BANGALORE,Karnataka
BANGALORE,HYDERABAD,Khammam,Telangana
BANGALORE,BANGALORE,BANGALORE,Karnataka
BANGALORE,HYDERABAD,Ongole,Andhra Pradesh
BANGALORE,BANGALORE,Madanapalli,Andhra Pradesh
BANGALORE,BANGALORE,BANGALORE,Karnataka
BANGALORE,BANGALORE,Tiruchirappalli,Tamil Nadu
NOIDA,NOIDA,khurja,Uttar Pradesh
NOIDA,BANGALORE,Udupi,Karnataka
BANGALORE,KOLKATA,Sitamarhi,Bihar
NOIDA,NOIDA,Raksaul,Bihar
BANGALORE,HYDERABAD,Nandhal,Andhra Pradesh
BANGALORE,BANGALORE,Kolkata,West Bengal
NOIDA,GURGAON,Jaipur,Rajasthan
NOIDA,GURGAON,Faridabad,Haryana
NOIDA,NOIDA,Ferozepur,Punjab
BANGALORE,BANGALORE,Bangalore,Karnataka
NOIDA,NOIDA,Noida,Uttar Pradesh
BANGALORE,BANGALORE,BANGALORE,Karnataka
NOIDA,NOIDA,Noida,Uttar Pradesh
NOIDA,NOIDA,Noida,Uttar Pradesh
BANGALORE,BANGALORE,Bangalore,Karnataka
BANGALORE,BANGALORE,Bangalore,Karnataka
NOIDA,NOIDA,Ghaziabad,Uttar Pradesh
BANGALORE,BANGALORE,BANGALORE,Karnataka
BANGALORE,BANGALORE,Bangalore,Karnataka
NOIDA,NOIDA,Noida,Uttar Pradesh
BANGALORE,BANGALORE,BANGALORE,Karnataka
BANGALORE,BANGALORE,Guntur,Andhra Pradesh
NOIDA,NOIDA,Chandauli,Uttar Pradesh
BANGALORE,BANGALORE,Tukmur,Karnataka
BANGALORE,BANGALORE,Bangalore,Karnataka
BANGALORE,BANGALORE,Bangalore,Karnataka
NOIDA,NOIDA,Ghaziabad,Uttar Pradesh
NOIDA,NOIDA,Aligarh,Uttar Pradesh
BANGALORE,BANGALORE,Bangalore,Karnataka
BANGALORE,NOIDA,New Delhi,New Delhi
BANGALORE,BANGALORE,Bangalore,Karnataka
KOLKATA,KOLKATA,KOLKATA,West Bengal
NOIDA,BANGALORE,BANGALORE,Karnataka
BANGALORE,BANGALORE,Kadapa,Andhra Pradesh
BANGALORE,BANGALORE,BANGALORE,Karnataka
NOIDA,MUMBAI,Mumbai,Maharashtra
BANGALORE,BANGALORE,Cudappa,Andhra Pradesh
NOIDA,NOIDA,Noida,Uttar Pradesh
BANGALORE,BANGALORE,Kadapa,Andhra Pradesh
BANGALORE,BANGALORE,Thrissur,Kerala
NOIDA,NOIDA,Mirzapur,Uttar Pradesh
NOIDA,NOIDA,Bareilly,Uttar Pradesh
BANGALORE,GURGAON,Jaipur,Rajasthan
BANGALORE,BANGALORE,Bangalore,Karnataka
BANGALORE,BANGALORE,Madurai,Tamil Nadu
NOIDA,NOIDA,Lucknow,Uttar Pradesh
NOIDA,NOIDA,Hamirpur,Uttar Pradesh
BANGALORE,BANGALORE,Bangalore,Karnataka
BANGALORE,BANGALORE,BANGALORE,Karnataka
BANGALORE,BANGALORE,BANGALORE,Karnataka
NOIDA,NOIDA,Varanasi,Uttar Pradesh
NOIDA,NOIDA,Noida,Uttar Pradesh
BANGALORE,BANGALORE,Kottayam ,Kerala
BANGALORE,BANGALORE,Bangalore,Karnataka
BANGALORE,BANGALORE,BANGALORE,Karnataka
NOIDA,NOIDA,New Delhi,New Delhi
BANGALORE,KOLKATA,Bokaro,Jharkhand
BANGALORE,BANGALORE,Kandukur,Andhra Pradesh
NOIDA,NOIDA,Nalanda,Bihar
BANGALORE,BANGALORE,Theni - Gudlaur,Tamil Nadu
NOIDA,NOIDA,Varanasi,Uttar Pradesh
NOIDA,NOIDA,Ghaziabad,Uttar Pradesh
BANGALORE,HYDERABAD,Vishakhapatnam,Andhra Pradesh
BANGALORE,NOIDA,Panipat,Haryana
NOIDA,NOIDA,Bulandshahr,Uttar Pradesh
BANGALORE,BANGALORE,krishnagiri,Tamil Nadu
NOIDA,NOIDA,Noida,Uttar Pradesh
NOIDA,NOIDA,Meerut,Uttar Pradesh
BANGALORE,KOLKATA,Koraput,Odisha
NOIDA,BANGALORE,Bangalore,Karnataka
BANGALORE,HYDERABAD,East godavari,Andhra Pradesh
NOIDA,NOIDA,Ghaziabad,Uttar Pradesh
BANGALORE,BANGALORE,Dharwad,Karnataka
BANGALORE,BANGALORE,Bangalore,Karnataka
NOIDA,NOIDA,Noida,Uttar Pradesh
BANGALORE,KOLKATA,Ganjam,Odisha
BANGALORE,HYDERABAD,Chittoor ,Andhra Pradesh
NOIDA,NEW_DELHI,New Delhi,New Delhi
NOIDA,NOIDA,Hastinapur,Uttar Pradesh
NOIDA,NOIDA,Gorakhpur,Uttar Pradesh
NOIDA,GURGAON,SIRSA,Haryana
BANGALORE,HYDERABAD,Rajahmundry ,Andhra Pradesh
NOIDA,KOLKATA,Bhuvneshwar,Odisha
BANGALORE,BANGALORE,Bangalore,Karnataka
BANGALORE,BANGALORE,Bangalore,Karnataka
NOIDA,NOIDA,New Delhi,New Delhi
BANGALORE,CHENNAI,Vellore,Tamil Nadu
NOIDA,BANGALORE,Chittoor ,Andhra Pradesh
NOIDA,NOIDA,Hosiarpur,Punjab
NOIDA,PUNE,PUNE,Maharashtra
NOIDA,NOIDA,Noida,Uttar Pradesh
BANGALORE,BANGALORE,Tirupattur,Tamil Nadu
BANGALORE,BANGALORE,Anantapur  ,Andhra Pradesh
NOIDA,NOIDA,Agra,Uttar Pradesh
NOIDA,NOIDA,Yamunanagar,Haryana
NOIDA,NOIDA,Noida,Uttar Pradesh
BANGALORE,BANGALORE,Mandya,Karnataka
NOIDA,NOIDA,Jhansi,Uttar Pradesh
NOIDA,NOIDA,New Delhi,New Delhi
NOIDA,NOIDA,Noida,Uttar Pradesh
NOIDA,NOIDA,Khushinagar,Uttar Pradesh
BANGALORE,BANGALORE,Bangalore,Karnataka
NOIDA,NOIDA,Noida,Uttar Pradesh
BANGALORE,BANGALORE,BANGALORE,Karnataka
NOIDA,NOIDA,Faridabad,Haryana
BANGALORE,Kolkata,Jharkhand,Jharkhand
NOIDA,NOIDA,Patiala,Punjab
NOIDA,NOIDA,Noida,Uttar Pradesh
NOIDA,NOIDA,Agra,Uttar Pradesh
NOIDA,NOIDA,Noida,Uttar Pradesh
NOIDA,NOIDA,Noida,Uttar Pradesh
NOIDA,NOIDA,Noida,Uttar Pradesh
NOIDA,NOIDA,Noida,Uttar Pradesh
BANGALORE,EGI Noida,Kanpur,Uttar Pradesh
NOIDA,NOIDA,Moradabad,Uttar Pradesh
BANGALORE,BANGALORE,BANGALORE,Karnataka
NOIDA,NOIDA,New Delhi,New Delhi
BANGALORE,BANGALORE,Bidar,Karnataka
BANGALORE,BANGALORE,BANGALORE,Karnataka
BANGALORE,BANGALORE,Bangalore,Karnataka
BANGALORE,BANGALORE,Tiruvannamalai,Tamil Nadu
NOIDA,NOIDA,Noida,Uttar Pradesh
PUNE,PUNE,Pune,Maharashtra
BANGALORE,BANGALORE,Bangalore,Karnataka
NOIDA,KOLKATA,Angul,Odisha
BANGALORE,BANGALORE,BANGALORE,Karnataka
NOIDA,NOIDA,Dehradun,Uttarakhand
BANGALORE,EGI Noida,Lucknow,Uttar Pradesh
BANGALORE,KOLKATA,Patna,Bihar
NOIDA,NOIDA,Noida,Uttar Pradesh
BANGALORE,BANGALORE,Bangalore,Karnataka
BANGALORE,KOLKATA,Boudh,Odisha
BANGALORE,CHENNAI,Perambalur,Tamil Nadu
BANGALORE,BANGALORE,BANGALORE,Karnataka
NOIDA,NOIDA,New Delhi,New Delhi
BANGALORE,BANGALORE,Bangalore,Karnataka
NOIDA,NOIDA,Noida,Uttar Pradesh
NOIDA,NOIDA,New Delhi,New Delhi
NOIDA,NOIDA,Faridabad,Haryana
BANGALORE,EGI Noida,Noida,New Delhi
BANGALORE,BANGALORE,BANGALORE,Karnataka
NOIDA,KOLKATA,CUTTACK,Odisha
NOIDA,NOIDA,Firozabad,Uttar Pradesh
NOIDA,NOIDA,Rishikesh,Uttarakhand
BANGALORE,KOLKATA,Kolkata,West Bengal
BANGALORE,BANGALORE,BANGALORE,Karnataka
NOIDA,NOIDA,Noida,Uttar Pradesh
BANGALORE,KOLKATA,Kolkata,West Bengal
BANGALORE,BANGALORE,Tuirupati,Andhra Pradesh
BANGALORE,BANGALORE,BANGALORE,Karnataka
BANGALORE,KOLKATA,Kolkata,West Bengal
BANGALORE,NOIDA,Lucknow,Uttar Pradesh
NOIDA,NOIDA,Noida,Uttar Pradesh
NOIDA,HYDERABAD,Warangal,Telangana
NOIDA,MUMBAI,Ahmedabad,Gujarat
NOIDA,NEW_DELHI,New Delhi,New Delhi
NOIDA,KOLKATA,Muzzafarpur,Bihar
NOIDA,KOLKATA,Guwahati,Assam
BANGALORE,CHENNAI,Kallakurichi,Tamil Nadu
NOIDA,NOIDA,Kathua,Jammu and Kashmir
NOIDA,NOIDA,Lucknow,Uttar Pradesh
NOIDA,NOIDA,New Delhi,New Delhi
BANGALORE,CHENNAI,Villupuram,Tamil Nadu
NOIDA,KOLKATA,Katihar,Bihar
NOIDA,BANGALORE,BANGALORE,Karnataka
BANGALORE,NOIDA,Etawah,Uttar Pradesh
NOIDA,NEW_DELHI,Almora,Uttarakhand
NOIDA,NOIDA,Ghaziabad,Uttar Pradesh
NOIDA,NOIDA,Chitrakoot,Uttar Pradesh
NOIDA,NOIDA,Ghaziabad,Uttar Pradesh
BANGALORE,BANGALORE,Namakkal,Tamil Nadu
NOIDA,GURGAON,Faridabad,Haryana
NOIDA,NOIDA,Ghaziabad,Uttar Pradesh
NOIDA,NOIDA,Greater Noida,Uttar Pradesh
NOIDA,NOIDA,Noida,Uttar Pradesh
NOIDA,NOIDA,Noida,Uttar Pradesh
NOIDA,NOIDA,Ghaziabad,Uttar Pradesh
NOIDA,NOIDA,Kushinagar,Uttar Pradesh
NOIDA,BANGALORE,Guntur,Andhra Pradesh
NOIDA,NOIDA,Amritsar,Punjab
NOIDA,NOIDA,Noida,Uttar Pradesh
NOIDA,NOIDA,Noida,Uttar Pradesh
NOIDA,KOLKATA,Sheohar,Bihar
BANGALORE,EGI Noida,Bhutan,Bhutan
BANGALORE,CHENNAI,Thiruvannamali,Tamil Nadu
BANGALORE,BANGALORE,BANGALORE,Karnataka
BANGALORE,BANGALORE,Bangalore,Karnataka
NOIDA,NOIDA,Ghaziabad,Uttar Pradesh
NOIDA,NOIDA,Meerut,Uttar Pradesh
NOIDA,GURGAON,Gurgaon,Haryana
BANGALORE,BANGALORE,Hubli,Karnataka
GURGAON,NOIDA,Noida,Uttar Pradesh
NOIDA,NOIDA,Gorakhpur,Uttar Pradesh
NOIDA,NOIDA,Gwalior,Madhya Pradesh
NOIDA,NOIDA,Saharanpur,Uttar Pradesh
BANGALORE,BANGALORE,Galiveedu,Andhra Pradesh
NOIDA,NOIDA,Lucknow,Uttar Pradesh
BANGALORE,BANGALORE,Bangalore,Karnataka
NOIDA,NOIDA,Kanpur,Uttar Pradesh
BANGALORE,BANGALORE,Vijaywada,Andhra Pradesh
NOIDA,NOIDA,Ghaziabad,Uttar Pradesh
NOIDA,BANGALORE,Bangalore,Karnataka
BANGALORE,BANGALORE,Mysore,Karnataka
NOIDA,NOIDA,Farookhabad,Uttar Pradesh
NOIDA,NOIDA,Lucknow,Uttar Pradesh
NOIDA,NOIDA,Ferozepur,Punjab
CHENNAI,CHENNAI,Chennai,Tamil Nadu
KOLKATA,KOLKATA,Kolkata,West Bengal
KOLKATA,KOLKATA,Kolkata,West Bengal
KOLKATA,KOLKATA,Salkia,West Bengal
NOIDA,NEW_DELHI,Delhi,New Delhi
KOLKATA,KOLKATA,Kolkata,West Bengal
KOLKATA,KOLKATA,Debra ,West Bengal
NOIDA,NOIDA,Noida,Uttar Pradesh
KOLKATA,KOLKATA,Kolkata,West Bengal
KOLKATA,KOLKATA,Bhubneswar,Odisha
KOLKATA,KOLKATA,Sahaganj,West Bengal
KOLKATA,KOLKATA,Kolkata,West Bengal
KOLKATA,KOLKATA,Kolkata,West Bengal
KOLKATA,KOLKATA,Kolkata,West Bengal
KOLKATA,KOLKATA,Malda,West Bengal
NOIDA,NOIDA,Ghaziabad,Uttar Pradesh
NOIDA,NOIDA,Nisoora,Uttar Pradesh
KOLKATA,KOLKATA,Cossimbazar,West Bengal
KOLKATA,NOIDA,Noida,Uttar Pradesh
PUNE,HYDERABAD,Hyderabad,Telangana
KOLKATA,KOLKATA,Kolkata,West Bengal
KOLKATA,KOLKATA,Tinsukia,Assam
NOIDA,NEW_DELHI,Delhi,New Delhi
KOLKATA,KOLKATA,Silchar,Assam
NOIDA,NOIDA,Noida,Uttar Pradesh
PUNE,HYDERABAD,Kakinada,Andhra Pradesh
KOLKATA,KOLKATA,Kolkata,West Bengal
KOLKATA,KOLKATA,Kolkata,West Bengal
NOIDA,NOIDA,Noida,Uttar Pradesh
KOLKATA,KOLKATA,Kolkata,West Bengal
KOLKATA,KOLKATA,Kolkata,West Bengal
KOLKATA,KOLKATA,Kolkata,West Bengal
KOLKATA,KOLKATA,Kolkata,West Bengal
KOLKATA,KOLKATA,Kharagpur,West Bengal
KOLKATA,KOLKATA,Kolkata,West Bengal
KOLKATA,KOLKATA,Kolkata,West Bengal
KOLKATA,KOLKATA,Kolkata,West Bengal
KOLKATA,KOLKATA,Kolkata,West Bengal
KOLKATA,KOLKATA,Kolkata,West Bengal
KOLKATA,KOLKATA,Kolkata,West Bengal
BANGALORE,BANGALORE,Bangalore,Karnataka
KOLKATA,KOLKATA,Kolkata,West Bengal
KOLKATA,KOLKATA,Kolkata,West Bengal
KOLKATA,KOLKATA,Kolkata,West Bengal
KOLKATA,KOLKATA,Kolkata,West Bengal
KOLKATA,KOLKATA,Durgapur,West Bengal
KOLKATA,KOLKATA,Kolkata,West Bengal
BANGALORE,BANGALORE,Bangalore,Karnataka
KOLKATA,KOLKATA,Kolkata,West Bengal
BANGALORE,BANGALORE,Bangalore,Karnataka
GURGAON,GURGAON,Gurgaon,Haryana
BANGALORE,BANGALORE,Hyderabad,Telangana
KOLKATA,KOLKATA,Kolkata,West Bengal
KOLKATA,KOLKATA,Kolkata,West Bengal
BANGALORE,BANGALORE,Bangalore,Karnataka
BANGALORE,BANGALORE,Bangalore,Karnataka
HYDERABAD,BANGALORE,Hyderabad,Telangana
HYDERABAD,BANGALORE,Hyderabad,Telangana
HYDERABAD,BANGALORE,Hyderabad,Telangana
HYDERABAD,BANGALORE,Hyderabad,Telangana
HYDERABAD,BANGALORE,Hyderabad,Telangana
HYDERABAD,BANGALORE,Hyderabad,Telangana
CHENNAI,CHENNAI,Chennai,Tamil Nadu
BANGALORE,BANGALORE,Cochin,Kerala
BANGALORE,BANGALORE,Bangalore,Karnataka
BANGALORE,BANGALORE,Bangalore,Karnataka
BANGALORE,BANGALORE,Bangalore,Karnataka
BANGALORE,BANGALORE,Bangalore,Karnataka
HYDERABAD,BANGALORE,Hyderabad,Telangana
BANGALORE,BANGALORE,Bangalore,Karnataka
CHENNAI,CHENNAI,Chennai,Tamil Nadu
BANGALORE,BANGALORE,Erode,Tamil Nadu
BANGALORE,BANGALORE,Bangalore,Karnataka
BANGALORE,BANGALORE,Ananthpur,Andhra Pradesh
BANGALORE,BANGALORE,Bangalore,Karnataka
BANGALORE,BANGALORE,Bangalore,Karnataka
HYDERABAD,BANGALORE,Hyderabad,Telangana
BANGALORE,BANGALORE,Bangalore,Karnataka
CHENNAI,CHENNAI,Chennai,Tamil Nadu
BANGALORE,BANGALORE,Bangalore,Karnataka
BANGALORE,BANGALORE,Coimbatore,Tamil Nadu
BANGALORE,BANGALORE,Bangalore,Karnataka
HYDERABAD,BANGALORE,Hyderabad,Telangana
HYDERABAD,BANGALORE,Hyderabad,Telangana
HYDERABAD,BANGALORE,Hyderabad,Telangana
BANGALORE,BANGALORE,Bangalore,Karnataka
BANGALORE,BANGALORE,Bangalore,Karnataka
BANGALORE,BANGALORE,Bangalore,Karnataka
BANGALORE,BANGALORE,Bangalore,Karnataka
BANGALORE,BANGALORE,Bangalore,Karnataka
BANGALORE,BANGALORE,Bangalore,Karnataka
BANGALORE,BANGALORE,Bangalore,Karnataka
BANGALORE,BANGALORE,Bangalore,Karnataka
BANGALORE,BANGALORE,Agra ,Uttar Pradesh
BANGALORE,BANGALORE,Bangalore,Karnataka
HYDERABAD,BANGALORE,Hyderabad,Telangana
BANGALORE,BANGALORE,Bangalore,Karnataka
KOLKATA,KOLKATA,Kolkata,West Bengal
KOLKATA,KOLKATA,Kolkata,West Bengal
KOLKATA,KOLKATA,Kolkata,West Bengal
KOLKATA,KOLKATA,Kolkata,West Bengal
KOLKATA,KOLKATA,Kolkata,West Bengal
KOLKATA,KOLKATA,Kolkata,West Bengal
BANGALORE,BANGALORE,Bangalore,Karnataka
KOLKATA,KOLKATA,Bokaro,Jharkhand
KOLKATA,KOLKATA,Kolkata,West Bengal
KOLKATA,KOLKATA,Kolkata,West Bengal
KOLKATA,KOLKATA,Kolkata,West Bengal
KOLKATA,KOLKATA,Ranigunj,West Bengal
BANGALORE,BANGALORE,Bangalore,Karnataka
NOIDA,NOIDA,Balliya,Uttar Pradesh
BANGALORE,BANGALORE,Hyderabad,Telangana
NOIDA,NOIDA,Jhansi,Uttar Pradesh
KOLKATA,KOLKATA,Durgapur,West Bengal
KOLKATA,KOLKATA,Kolkata,West Bengal
GURGAON,GURGAON,Gurgaon,Haryana
BANGALORE,BANGALORE,Chikmagalur,Karnataka
NOIDA,NOIDA,Seoni,Madhya Pradesh
BANGALORE,BANGALORE,Berhampur,Odisha
KOLKATA,KOLKATA,Kolkata,West Bengal
BANGALORE,BANGALORE,Bangalore,Karnataka
NOIDA,NOIDA,Begusarai,Bihar
NOIDA,NOIDA,Agra,Uttar Pradesh
KOLKATA,KOLKATA,Patna,Bihar
KOLKATA,MUMBAI,Mumbai,Maharashtra
NOIDA,NOIDA,Chandigarh,Punjab
BANGALORE,BANGALORE,Coimbatore,Tamil Nadu
NOIDA,NOIDA,Sagar,Madhya Pradesh
NOIDA,NOIDA,Noida,Uttar Pradesh
GURGAON,GURGAON,Gurgaon,Haryana
NOIDA,NOIDA,Noida,Uttar Pradesh
BANGALORE,BANGALORE,Bangalore,Karnataka
BANGALORE,KOLKATA,Bhubneswar,Odisha
CHENNAI,BANGALORE,Kuwait,Kuwait
NOIDA,NOIDA,Noida,Uttar Pradesh
NOIDA,NOIDA,Noida,Uttar Pradesh
KOLKATA,KOLKATA,Kolkata,West Bengal
NOIDA,NOIDA,Noida,Uttar Pradesh
NOIDA,NOIDA,Noida,Uttar Pradesh
KOLKATA,KOLKATA,Kolkata,West Bengal
NOIDA,NOIDA,Noida,Uttar Pradesh
BANGALORE,BANGALORE,Bangalore,Karnataka
BANGALORE,NOIDA,Udaipur,Rajasthan
BANGALORE,BANGALORE,Bangalore,Karnataka
KOLKATA,KOLKATA,Paschim Medinapur ,West Bengal
BANGALORE,BANGALORE,Bangalore,Karnataka
KOLKATA,KOLKATA,Burdwan,West Bengal
BANGALORE,KOLKATA,Dakshin Dinajpur,West Bengal
GURGAON,GURGAON,Gurgaon,Haryana
NOIDA,NOIDA,Bulandsaher,Uttar Pradesh
NOIDA,NOIDA,Noida,Uttar Pradesh
NOIDA,NOIDA,Noida,Uttar Pradesh
BANGALORE,BANGALORE,Bangalore,Karnataka
BANGALORE,BANGALORE,Bangalore,Karnataka
NOIDA,NOIDA,Agra,Uttar Pradesh
NOIDA,BANGALORE,Bangalore,Karnataka
BANGALORE,BANGALORE,Bangalore,Karnataka
PUNE,PUNE,Pune,Maharashtra
NOIDA,NOIDA,Noida,Uttar Pradesh
KOLKATA,KOLKATA,Kolkata,West Bengal
NOIDA,NOIDA,Chandigarh,Haryana
NOIDA, NOIDA,Bhilwara,Rajasthan
NOIDA,NOIDA,Prayagraj,Uttar Pradesh
NOIDA, NOIDA,Noida,Uttar Pradesh
KOLKATA,KOLKATA,Kolkata,West Bengal
KOLKATA,KOLKATA,Kolkata,West Bengal
BANGALORE,KOLKATA,Rourkela,Odisha
KOLKATA,HYDERABAD,Hyderabad,Telangana
KOLKATA,KOLKATA,Kolkata,West Bengal
BANGALORE,BANGALORE,Bangalore,Karnataka
BANGALORE,NOIDA, Hapur,Uttar Pradesh
BANGALORE,BANGALORE,Namakkal,Tamil Nadu
KOLKATA,KOLKATA,Kolkata,West Bengal
HYDERABAD,HYDERABAD,Hyderabad,Telangana
CHENNAI,CHENNAI,Chennai,Tamil Nadu
NOIDA,NOIDA,Nurpur,Himachal Pradesh
BANGALORE, BANGALORE,Bangalore,Karnataka
NOIDA,KOLKATA,Patna,Bihar
BANGALORE,BANGALORE,Vijayawada,Andhra Pradesh
KOLKATA,KOLKATA,Kolkata,West Bengal
KOLKATA,KOLKATA,Kolkata,West Bengal
KOLKATA, NOIDA,Rohtak,Haryana
BANGALORE,BANGALORE,Bangalore,Karnataka
NOIDA,NOIDA,Noida,Uttar Pradesh
CHENNAI,CHENNAI,Chennai,Tamil Nadu
KOLKATA,KOLKATA,Kolkata,West Bengal
KOLKATA,KOLKATA,Kolkata,West Bengal
KOLKATA,KOLKATA,Kolkata,West Bengal
KOLKATA,KOLKATA,Kolkata,West Bengal
KOLKATA,KOLKATA,Kolkata,West Bengal
KOLKATA,KOLKATA,Kolkata,West Bengal
KOLKATA,KOLKATA,Kolkata,West Bengal
KOLKATA,KOLKATA,Kolkata,West Bengal
KOLKATA,KOLKATA,Kolkata,West Bengal
KOLKATA,KOLKATA,Kolkata,West Bengal
KOLKATA,KOLKATA,Siliguri,West Bengal
KOLKATA,KOLKATA,Kolkata,West Bengal
KOLKATA,KOLKATA,Kolkata,West Bengal
KOLKATA,KOLKATA,Kolkata,West Bengal
KOLKATA,KOLKATA,Kolkata,West Bengal
KOLKATA,KOLKATA,Kolkata,West Bengal
KOLKATA,KOLKATA,Kolkata,West Bengal
KOLKATA,KOLKATA,Kolkata,West Bengal
KOLKATA,KOLKATA,Kolkata,West Bengal
KOLKATA,KOLKATA,Kolkata,West Bengal
KOLKATA,KOLKATA,Kolkata,West Bengal
KOLKATA,KOLKATA,Kolkata,West Bengal
KOLKATA,KOLKATA,Kolkata,West Bengal
BANGALORE,BANGALORE,Bangalore,Karnataka
KOLKATA,KOLKATA,Kolkata,West Bengal
NOIDA,NOIDA,Noida,Uttar Pradesh
KOLKATA,KOLKATA,Kolkata,West Bengal
KOLKATA,KOLKATA,Kolkata,West Bengal
KOLKATA,KOLKATA,Kolkata,West Bengal
KOLKATA,KOLKATA,Kolkata,West Bengal
KOLKATA,KOLKATA,Kolkata,West Bengal
KOLKATA,KOLKATA,Kolkata,West Bengal
PUNE,PUNE,Pune,Maharashtra
PUNE,PUNE,Pune,Maharashtra
KOLKATA,KOLKATA,Dhanbad,Jharkhand
KOLKATA,KOLKATA,Kolkata,West Bengal
KOLKATA,KOLKATA,Kolkata,West Bengal
CHENNAI,CHENNAI,Chennai,Tamil Nadu
PUNE,PUNE,Nagpur,Maharashtra
KOLKATA,KOLKATA,Kolkata,West Bengal
PUNE,PUNE,Mumbai,Maharashtra
GURGAON,NOIDA,Noida,Uttar Pradesh
KOLKATA,KOLKATA,Kolkata,West Bengal
KOLKATA,KOLKATA,Kolkata,West Bengal
PUNE,PUNE,Aurangabad ,Maharashtra
KOLKATA,KOLKATA,Kolkata,West Bengal
KOLKATA,KOLKATA,Raniganj,West Bengal
KOLKATA,KOLKATA,Ranaghat,West Bengal
KOLKATA,KOLKATA,Kolkata,West Bengal
KOLKATA,KOLKATA,Kolkata,West Bengal
KOLKATA,KOLKATA,Chandannagar,West Bengal
KOLKATA,KOLKATA,Kolkata,West Bengal
KOLKATA,KOLKATA,Kolkata,West Bengal
KOLKATA,KOLKATA,Kolkata,West Bengal
KOLKATA,KOLKATA,Kolkata,West Bengal
KOLKATA,KOLKATA,Kolkata,West Bengal
GURGAON,GURGAON,Hisar,Haryana
KOLKATA,KOLKATA,Kolkata,West Bengal
KOLKATA,KOLKATA,Kolkata,West Bengal
KOLKATA,KOLKATA,Kolkata,West Bengal
KOLKATA,KOLKATA,Kolkata,West Bengal
BANGALORE,BANGALORE,Bangalore,Karnataka
NOIDA,NOIDA,Noida,Uttar Pradesh
KOLKATA,KOLKATA,Kolkata,West Bengal
NOIDA,NOIDA,Noida,Uttar Pradesh
KOLKATA,KOLKATA,Kolkata,West Bengal
KOLKATA,KOLKATA,Kolkata,West Bengal
KOLKATA,KOLKATA,Kolkata,West Bengal
PUNE,PUNE,Pune,Maharashtra
NOIDA,NOIDA,Simla,Himachal Pradesh
GURGAON,GURGAON,Gurgaon,Haryana
BANGALORE,BANGALORE,Bangalore,Karnataka
KOLKATA,KOLKATA,Patna,Bihar
BANGALORE,BANGALORE,Bangalore,Karnataka
BANGALORE,BANGALORE,Patna,Bihar
KOLKATA,KOLKATA,Kolkata,West Bengal
KOLKATA,KOLKATA,Kolkata,West Bengal
BANGALORE,BANGALORE,Bangalore,Karnataka
BANGALORE,BANGALORE,Bangalore,Karnataka
BANGALORE,BANGALORE,Bangalore,Karnataka
NOIDA,NOIDA,Noida,Uttar Pradesh
NOIDA,NOIDA,Pathankot,Punjab
KOLKATA,KOLKATA,Chandannagar,West Bengal
KOLKATA,KOLKATA,Kolkata,West Bengal
KOLKATA,KOLKATA,Kolkata,West Bengal
KOLKATA,KOLKATA,Diamond Harbour,West Bengal
KOLKATA,BANGALORE,Bangalore,Karnataka
KOLKATA,KOLKATA,Kolkata,West Bengal
KOLKATA,KOLKATA,Kolkata,West Bengal
KOLKATA,KOLKATA,Haldia,West Bengal
KOLKATA,KOLKATA,Maithon,West Bengal
BANGALORE,BANGALORE,Bangalore,Karnataka
BANGALORE,BANGALORE,Guntur,Andhra Pradesh
BANGALORE,BANGALORE,Bangalore,Karnataka
KOLKATA,KOLKATA,Kharagpur,West Bengal
BANGALORE,BANGALORE,Nellore City,Andhra Pradesh
BANGALORE,BANGALORE,Bangalore,Karnataka
GURGAON,GURGAON,Meerat,Uttar Pradesh
KOLKATA,KOLKATA,Chapra,Bihar
BANGALORE,BANGALORE,Bangalore,Karnataka
BANGALORE,BANGALORE,Bangalore,Karnataka
HYDERABAD,HYDERABAD,Hyderabad,Telangana
HYDERABAD,HYDERABAD,Hyderabad,Telangana
CHENNAI,CHENNAI,Pattukottai,Tamil Nadu
CHENNAI,CHENNAI,Chennai,Tamil Nadu
HYDERABAD,HYDERABAD,Hyderabad,Telangana
HYDERABAD,HYDERABAD,Hyderabad,Telangana
HYDERABAD,HYDERABAD,Vizag,Andhra Pradesh
HYDERABAD,BANGALORE,Hyderabad,Telangana
BANGALORE,KOLKATA,Patna,Bihar
BANGALORE,BANGALORE,Bangalore,Karnataka
BANGALORE,BANGALORE,Calicut,Kerala
BANGALORE,BANGALORE,Bangalore,Karnataka
BANGALORE,BANGALORE,Bangalore,Karnataka
BANGALORE,BANGALORE,Gingi,Tamil Nadu
BANGALORE,BANGALORE,Bangalore,Karnataka
BANGALORE,BANGALORE,Bangalore,Karnataka
BANGALORE,BANGALORE,Bangalore,Karnataka
BANGALORE,BANGALORE,Bangalore,Karnataka
BANGALORE,KOLKATA,Samastipur,Bihar
BANGALORE,BANGALORE,Bangalore,Karnataka
CHENNAI,CHENNAI,Chennai,Tamil Nadu
BANGALORE,BANGALORE,Bangalore,Karnataka
BANGALORE,BANGALORE,Bangalore,Karnataka
CHENNAI,CHENNAI,Chennai,Tamil Nadu
BANGALORE,BANGALORE,Bangalore,Karnataka
BANGALORE,BANGALORE,Bangalore,Karnataka
BANGALORE,HYDERABAD,Rajahmandry,Andhra Pradesh
BANGALORE,BANGALORE,Bangalore,Karnataka
BANGALORE,HYDERABAD,Hyderabad,Telangana
BANGALORE,BANGALORE,Bangalore,Karnataka
BANGALORE,CHENNAI,Tirupati,Andhra Pradesh
BANGALORE,HYDERABAD,Kurnool,Andhra Pradesh
BANGALORE,HYDERABAD,Rajahmundry,Andhra Pradesh
BANGALORE,NOIDA,Allahabad,Uttar Pradesh
BANGALORE,BANGALORE,Bangalore,Karnataka
BANGALORE,BANGALORE,Bangalore,Karnataka
BANGALORE,CHENNAI,Tirupati,Andhra Pradesh
CHENNAI,CHENNAI,Chennai,Tamil Nadu
BANGALORE,BANGALORE,Bangalore,Karnataka
BANGALORE,BANGALORE,Bangalore,Karnataka
BANGALORE,BANGALORE,Bangalore,Karnataka
BANGALORE,BANGALORE,Bangalore,Karnataka
BANGALORE,BANGALORE,Bangalore,Karnataka
BANGALORE,BANGALORE,Bangalore,Karnataka
BANGALORE,HYDERABAD,Hyderabad,Telangana
BANGALORE,BANGALORE,Bangalore,Karnataka
BANGALORE,BANGALORE,Bangalore,Karnataka
NOIDA,NOIDA,Noida,Uttar Pradesh
NOIDA,NOIDA,Delhi,New Delhi
NOIDA,NOIDA,Noida,Uttar Pradesh
KOLKATA,KOLKATA,Kolkata,West Bengal
GURGAON,GURGAON,Gurgaon,Haryana
GURGAON,GURGAON,Delhi,New Delhi
BANGALORE,BANGALORE,Bangalore,Karnataka
BANGALORE,BANGALORE,Bangalore,Karnataka
NOIDA,NOIDA,Noida,Uttar Pradesh
KOLKATA,GURGAON,Sitamarhi,Bihar
BANGALORE,MUMBAI,Mumbai,Maharashtra
NOIDA,GURGAON,Delhi,New Delhi
GURGAON,GURGAON,Gurgaon,Haryana
BANGALORE,HYDERABAD,Hyderabad,Andhra Pradesh
NOIDA,NOIDA,Faridabad,Haryana
BANGALORE,BANGALORE,Bangalore,Karnataka
BANGALORE,BANGALORE,Bangalore,Karnataka
BANGALORE,BANGALORE,Bangalore,Karnataka
NOIDA,MUMBAI,Mumbai,Maharashtra
NOIDA,NOIDA,Pauri,Uttarakhand
NOIDA,NOIDA,Kotdwara,Uttarakhand
NOIDA,NOIDA,Ghaziabad,Uttar Pradesh
PUNE,PUNE,Ahmedabad,Gujarat
KOLKATA,KOLKATA,Kolkata,West Bengal
KOLKATA,KOLKATA,Kolkata,West Bengal
BANGALORE,BANGALORE,Bangalore,Karnataka
BANGALORE,BANGALORE,Bangalore,Karnataka
NOIDA,NOIDA,"Indrapuram, Ghaziabad",Uttar Pradesh
GURGAON,GURGAON,"Gwal Pahari,Gurgaon",Uttar Pradesh
BANGALORE,BANGALORE,Bangalore,Karnataka
NOIDA,NOIDA,Meerut ,Uttar Pradesh
GURGAON,GURGAON,"Gwal Pahari,Karnal",Haryana
GURGAON,GURGAON,"Gwal Pahari,Gurgaon",Uttar Pradesh
NOIDA,NOIDA,Noida,Uttar Pradesh
NOIDA,NOIDA,Noida,Uttar Pradesh
NOIDA,NOIDA,Noida,Uttar Pradesh
GURGAON,NOIDA,North Delhi,New Delhi
NOIDA,NOIDA,Noida,Uttar Pradesh
NOIDA,NOIDA,Meerut ,Uttar Pradesh
KOLKATA,KOLKATA,Native (West Bengal - Durgapur),West Bengal
BANGALORE,BANGALORE,Bengaluru,Karnataka
KOLKATA,KOLKATA,Kolkata,West Bengal
NOIDA,NOIDA,Noida,Uttar Pradesh
NOIDA,NOIDA,Garhshankar,Punjab
NOIDA,NOIDA,Hoshiarpur,Punjab
NOIDA,NOIDA,Noida,Uttar Pradesh
PUNE,PUNE,Pune,Maharashtra
GURGAON,GURGAON,Gurgaon,Haryana
BANGALORE,BANGALORE,Bengaluru,Karnataka
CHENNAI,CHENNAI,Chennai,Tamil Nadu
BANGALORE,BANGALORE,Bengaluru,Karnataka
BANGALORE,BANGALORE,Bengaluru,Karnataka
NOIDA,GURGAON,Gwalior,Madhya Pradesh
NOIDA,PUNE,Pune,Maharashtra
NOIDA,NOIDA,Noida,Uttar Pradesh
BANGALORE,BANGALORE,Bengaluru,Karnataka
NOIDA,NOIDA,Noida,Uttar Pradesh
BANGALORE,BANGALORE,Bengaluru,Karnataka
BANGALORE,BANGALORE,Bengaluru,Karnataka
BANGALORE,BANGALORE,Bengaluru,Karnataka
NOIDA,NOIDA,Haridwar,Uttarakhand
NOIDA,NOIDA,Noida,Uttar Pradesh
NOIDA,KOLKATA,Kolkata,West Bengal
BANGALORE,PUNE,Mumbai,Maharashtra
NOIDA,NOIDA,Lucknow,Uttar Pradesh
NOIDA,NOIDA,Delhi,New Delhi
KOLKATA,KOLKATA,Kolkata,West Bengal
BANGALORE,BANGALORE,Bangalore,Karnataka
NOIDA,NOIDA,Varanasi,Uttar Pradesh
NOIDA,NOIDA,Gaziabad,Uttar Pradesh
BANGALORE,BANGALORE,Bangalore,Karnataka
BANGALORE,HYDERABAD,Hyderabad,Telangana
BANGALORE,KOLKATA,Patna,Bihar
BANGALORE,BANGALORE,Bangalore,Karnataka
GURGAON,GURGAON,Faridabad,Haryana
BANGALORE,BANGALORE,Bangalore,Karnataka
NOIDA,NOIDA,Noida,Uttar Pradesh
NOIDA,NOIDA,Noida,Uttar Pradesh
CHENNAI,CHENNAI,Chennai,Tamil Nadu
BANGALORE,HYDERABAD,Vizianagaram,Andhra Pradesh
KOLKATA,KOLKATA,Kolkata,West Bengal
BANGALORE,HYDERABAD,Nuzvid,Andhra Pradesh
NOIDA,GURGAON,Chandigarh,Punjab
BANGALORE,BANGALORE,Bangalore,Karnataka
KOLKATA,KOLKATA,Kolkata,West Bengal
NOIDA,NOIDA,Noida,Uttar Pradesh
BANGALORE,BANGALORE,Bangalore,Karnataka
BANGALORE,BANGALORE,Bangalore,Karnataka
BANGALORE,HYDERABAD,Srikakulam,Andhra Pradesh
KOLKATA,KOLKATA,Kolkata,West Bengal
BANGALORE,CHENNAI,Chennai,Tamil Nadu
KOLKATA,KOLKATA,Kolkata,West Bengal
NOIDA,GURGAON,Chandigarh,Punjab
KOLKATA,KOLKATA,Kolkata,West Bengal
GURGAON,GURGAON,Gurgaon,Haryana
GURGAON,GURGAON,Faridabad,Haryana
NOIDA,NOIDA,Noida,Uttar Pradesh
GURGAON,GURGAON,Delhi,New Delhi
BANGALORE,BANGALORE,Bangalore,Karnataka
KOLKATA,KOLKATA,Kolkata,West Bengal
BANGALORE,BANGALORE,Bangalore,Karnataka
BANGALORE,BANGALORE,Bangalore,Karnataka
NOIDA,NOIDA,Noida,Uttar Pradesh
BANGALORE,BANGALORE,Bangalore,Karnataka
BANGALORE,BANGALORE,Bangalore,Karnataka
BANGALORE,BANGALORE,Bangalore,Karnataka
NOIDA,NOIDA,Delhi,New Delhi
NOIDA,NOIDA,Ghaziabad,Uttar Pradesh
NOIDA,NOIDA,Ghaziabad,Uttar Pradesh
NOIDA,NOIDA,Bilaspur,Himachal Pradesh
NOIDA,NOIDA,Noida,Uttar Pradesh
NOIDA,NOIDA,Ghaziabad,Uttar Pradesh
NOIDA,NOIDA,Ghaziabad,Uttar Pradesh
NOIDA,NOIDA,Noida,Uttar Pradesh
BANGALORE,BANGALORE,Bangalore,Karnataka
PUNE,PUNE,Pune,Maharashtra
NOIDA,NOIDA,Noida,Uttar Pradesh
BANGALORE,HYDERABAD,Guntur,Andhra Pradesh
BANGALORE,BANGALORE,Bangalore,Karnataka
BANGALORE,BANGALORE,Kadapa,Andhra Pradesh
GURGAON,GURGAON,Gurgaon,Haryana
NOIDA,NOIDA,Ghaziabad,Uttar Pradesh
NOIDA,NOIDA,Noida,Uttar Pradesh
NOIDA,NOIDA,Ghaziabad,Uttar Pradesh
NOIDA,NOIDA,Noida,Uttar Pradesh
NOIDA,NOIDA,Rohini,New Delhi
NOIDA,NOIDA,Noida,Uttar Pradesh
NOIDA,NOIDA,Rohini,New Delhi
BANGALORE,BANGALORE,Bangalore,Karnataka
BANGALORE,HYDERABAD,Guntakal,Andhra Pradesh
NOIDA,NOIDA,Noida,Uttar Pradesh
NOIDA,NOIDA,Noida,Uttar Pradesh
BANGALORE,HYDERABAD,Rayachoty,Andhra Pradesh
BANGALORE,BANGALORE,Bangalore,Karnataka
CHENNAI,CHENNAI,Annanagar western extn,Tamil Nadu
BANGALORE,BANGALORE,Bangalore,Karnataka
CHENNAI,CHENNAI,Medavakkam ,Tamil Nadu
BANGALORE,BANGALORE,Bangalore,Karnataka
BANGALORE,BANGALORE,Narayanapura,Karnataka
BANGALORE,BANGALORE,Narayanapura,Karnataka
CHENNAI,CHENNAI,Mayiladuthurai,Tamil Nadu
CHENNAI,CHENNAI,Erode,Tamil Nadu
BANGALORE,HYDERABAD,Vizag,Andhra Pradesh
CHENNAI,CHENNAI,Karambakkam,Tamil Nadu
BANGALORE,CHENNAI,Madhurantakam,Tamil Nadu
BANGALORE,BANGALORE,Bangalore,Karnataka
BANGALORE,BANGALORE,Belagavi,Karnataka
CHENNAI,CHENNAI,Ariyalur,Tamil Nadu
BANGALORE,HYDERABAD,Kadapa,Andhra Pradesh
BANGALORE,BANGALORE,Bangalore,Karnataka
CHENNAI,CHENNAI,Mogappair East Chennai,Tamil Nadu
NOIDA,NOIDA,Ashok Nagar,New Delhi
CHENNAI,CHENNAI,Virugambakkam,Tamil Nadu
NOIDA,NOIDA,Ghaziabad,Uttar Pradesh
NOIDA,NOIDA,Malvia nagar,New Delhi
BANGALORE,CHENNAI,Anusonai,Tamil Nadu
CHENNAI,CHENNAI,Kanchipuram,Tamil Nadu
NOIDA,NOIDA,Noida,Uttar Pradesh
BANGALORE,BANGALORE,Bangalore,Karnataka
NOIDA,NOIDA,Pashim Vihar,New Delhi
NOIDA,KOLKATA,Muzaffarpur,Bihar
NOIDA,NOIDA,Rohini,New Delhi
BANGALORE,BANGALORE,Kadubeesanahalli,Karnataka
NOIDA,NOIDA,Dwarka,New Delhi
NOIDA,NOIDA,Ghaziabad,Uttar Pradesh
CHENNAI,CHENNAI,Thirumurugan Nagar,Tamil Nadu
PUNE,PUNE,Pune,Maharashtra
NOIDA,GURGAON,Ranchi,Jharkhand
CHENNAI,CHENNAI,East Tambaram,Tamil Nadu
BANGALORE,HYDERABAD,Hyderabad,Telangana
GURGAON,GURGAON,Gurugram,Haryana
CHENNAI,CHENNAI,Medavakkam,Tamil Nadu
CHENNAI,CHENNAI,Madurai.,Tamil Nadu
NOIDA,NOIDA,Pandav Nagar,New Delhi
BANGALORE,HYDERABAD,Chittoor,Andhra Pradesh
PUNE,PUNE,Pune,Maharashtra
NOIDA,GURGAON,Jaipur,Rajasthan
NOIDA,NOIDA,Ahmedabad,Gujarat
NOIDA,NOIDA,Lucknow ,Uttar Pradesh
NOIDA,NOIDA,Sitapur,Uttar Pradesh
NOIDA,NOIDA,Ghaziabad,Uttar Pradesh
NOIDA,NOIDA,Ghaziabad,Uttar Pradesh
GURGAON,GURGAON,Faridabad,Haryana
BANGALORE,CHENNAI,Tirunelveli,Tamil Nadu
CHENNAI,CHENNAI,Madurai.,Tamil Nadu
KOLKATA,KOLKATA,Kolkata,West Bengal
CHENNAI,CHENNAI,Chennai,Tamil Nadu
PUNE,PUNE,Pune,Maharashtra
KOLKATA,KOLKATA,Kolkata,West Bengal
BANGALORE,BANGALORE,Bangalore,Karnataka
CHENNAI,CHENNAI,Chennai,Tamil Nadu
NOIDA,NOIDA,Noida,Uttar Pradesh
KOLKATA,KOLKATA,Asansol,West Bengal
KOLKATA,KOLKATA,Kolkata,West Bengal
PUNE,PUNE,Pune,Maharashtra
BANGALORE,BANGALORE,Bangalore,Karnataka
NOIDA,KOLKATA,Kolkata,West Bengal
NOIDA,BANGALORE,Bangalore,Karnataka
BANGALORE,CHENNAI,Chennai,Tamil Nadu
KOLKATA,KOLKATA,Kolkata,West Bengal
BANGALORE,HYDERABAD,Warangal,Telangana
BANGALORE,BANGALORE,Bangalore,Karnataka
CHENNAI,CHENNAI,Chennai,Tamil Nadu
BANGALORE,HYDERABAD,Ongole,Andhra Pradesh
BANGALORE,BANGALORE,Bangalore,Karnataka
BANGALORE,BANGALORE,Bangalore,Karnataka
BANGALORE,BANGALORE,Bangalore,Karnataka
BANGALORE,BANGALORE,Bangalore,Karnataka
BANGALORE,BANGALORE,Bangalore,Karnataka
BANGALORE,BANGALORE,Bangalore,Karnataka
BANGALORE,NOIDA,Kanpur,Uttar Pradesh
BANGALORE,HYDERABAD,Raipur,Chhattisgarh
BANGALORE,BANGALORE,Hosur,Tamil Nadu
BANGALORE,BANGALORE,Koppal,Karnataka
BANGALORE,HYDERABAD,Bangalore,Karnataka
BANGALORE,BANGALORE,Bangalore,Karnataka
BANGALORE,BANGALORE,Calicut,Kerala
NOIDA,NOIDA,Noida,Uttar Pradesh
BANGALORE,NOIDA,Kanpur,Uttar Pradesh
BANGALORE,BANGALORE,Belgaum,Karnataka
KOLKATA,KOLKATA,Kolkata,West Bengal
GURGAON,BANGALORE,Bangalore,Karnataka
KOLKATA,KOLKATA,Kolkata,West Bengal
NOIDA,NOIDA,Noida,Uttar Pradesh
BANGALORE,BANGALORE,Bangalore,Karnataka
BANGALORE,BANGALORE,Bangalore,Karnataka
GURGAON,NOIDA,Noida,Uttar Pradesh
BANGALORE,BANGALORE,Bangalore,Karnataka
NOIDA,HYDERABAD,Bhimavaram,Andhra Pradesh
NOIDA,NOIDA,Rohtak,Haryana
BANGALORE,BANGALORE,Bangalore,Karnataka
NOIDA,NOIDA,Noida,Uttar Pradesh
NOIDA,KOLKATA,Begusarai,Bihar
NOIDA,GURGAON,Patiala,Punjab
CHENNAI,CHENNAI,Chennai,Tamil Nadu
KOLKATA,KOLKATA,Kolkata,West Bengal
KOLKATA,KOLKATA,Kolkata,West Bengal
KOLKATA,KOLKATA,Kolkata,West Bengal
NOIDA,NOIDA,Noida,Uttar Pradesh
BANGALORE,BANGALORE,Bangalore,Karnataka
BANGALORE,BANGALORE,Bangalore,Karnataka
KOLKATA,KOLKATA,Angul,Odisha
BANGALORE,BANGALORE,Bangalore,Karnataka
BANGALORE,BANGALORE,Bangalore,Karnataka
CHENNAI,CHENNAI,Chennai,Tamil Nadu
NOIDA,NOIDA,Noida,Uttar Pradesh
NOIDA,NOIDA,Noida,Uttar Pradesh
BANGALORE,HYDERABAD,Hyderabad,Telangana
KOLKATA,KOLKATA,Kolkata,West Bengal
KOLKATA,KOLKATA,Kolkata,West Bengal
GURGAON,GURGAON,GurgAON,Haryana
GURGAON,GURGAON,Noida,Uttar Pradesh
BANGALORE,BANGALORE,Bangalore,Karnataka
NOIDA,NOIDA,Gaziabad,Uttar Pradesh
BANGALORE,KOLKATA,DHANBAD,JHARKHAND
NOIDA,KOLKATA,BHILAI,Chhattisgarh
NOIDA,KOLKATA,Guwahati,ASSAM
NOIDA,GURGAON,GURGAON,HARYANA
NOIDA,NOIDA,AGRA,Uttar Pradesh
NOIDA,GURGAON,Ajmer,Rajasthan
NOIDA,NOIDA,Bhanpura,Madhya Pradesh
NOIDA,KOLKATA,Muzaffarpur,Bihar
NOIDA,KOLKATA,PAKYONG,Sikkim
NOIDA,NOIDA,Delhi,New Delhi
NOIDA,NOIDA,Ghaziabad,Uttar Pradesh
BANGALORE,BANGALORE,Bangalore,karnataka
NOIDA,NOIDA,Ghaziabad,Uttar Pradesh
NOIDA,NOIDA,New Delhi,New Delhi
NOIDA,NOIDA,Noida,Uttar Pradesh
NOIDA,NOIDA,Delhi,New Delhi
KOLKATA,KOLKATA,Kolkata,West Bengal
KOLKATA,KOLKATA,Kolkata,West Bengal
GURGAON,GURGAON,Gurgaon,Haryana
NOIDA,NOIDA,Delhi,New Delhi
NOIDA,NOIDA,New Delhi,New Delhi
NOIDA,GURGAON,Barwala,Haryana
BANGALORE,BANGALORE,Tumakuru,Karnataka
NOIDA,GURGAON,Mandi Dabwali,Haryana
NOIDA,NOIDA,Delhi,New Delhi
KOLKATA,KOLKATA,Kolkata,West Bengal
BANGALORE,BANGALORE,Bangalore,Karnataka
BANGALORE,BANGALORE,Bangalore,Karnataka
NOIDA,GURGAON,Ambala Cantt,Haryana
BANGALORE,BANGALORE,Bangalore,Karnataka
BANGALORE,BANGALORE,Bangalore,Karnataka
NOIDA,NOIDA,Noida,Uttar Pradesh
NEW_DELHI,GURGAON,Kullu,Himachal Pradesh
BANGALORE,BANGALORE,Bangalore,Karnataka
BANGALORE,BANGALORE,Bangalore,Karnataka
BANGALORE,BANGALORE,Erode,Tamil Nadu
BANGALORE,NOIDA,Haldwani,Uttarakhand
NOIDA,GURGAON,Kota,Rajasthan
NOIDA,NOIDA,Ghaziabad,Uttar Pradesh
BANGALORE,BANGALORE,Bangalore,Karnataka
BANGALORE,BANGALORE,Bangalore,Karnataka
BANGALORE,BANGALORE,Bangalore,Karnataka
BANGALORE,BANGALORE,Bangalore,Karnataka
BANGALORE,BANGALORE,Bangalore,Karnataka
BANGALORE,BANGALORE,Bangalore,Karnataka
BANGALORE,CHENNAI,Chennai,Tamil Nadu
BANGALORE,BANGALORE,Hassan,Karnataka
GURGAON,NOIDA,New Delhi,New Delhi
BANGALORE,BANGALORE,Bangalore,Karnataka
BANGALORE,BANGALORE,"Kuthuparamba,Kannur",Kerala
BANGALORE,BANGALORE,Bangalore,Karnataka
NOIDA,GURGAON,Faridabad,Haryana
BANGALORE,BANGALORE,Bangalore,Karnataka
BANGALORE,BANGALORE,Bangalore,Karnataka
BANGALORE,BANGALORE,Bangalore,Karnataka
NOIDA,NOIDA,Ludhiana,Punjab
CHENNAI,CHENNAI,Villupuram,Tamil Nadu
BANGALORE,BANGALORE,Bangalore,Karnataka
BANGALORE,BANGALORE,Bangalore,karnataka
NOIDA,GURGAON,Sonipat,Haryana
BANGALORE,BANGALORE,Bangalore,Karnataka
BANGALORE,BANGALORE,Bangalore,Karnataka
BANGALORE,BANGALORE,Coimbatore,Tamil Nadu
BANGALORE,BANGALORE,Bangalore,Karnataka
BANGALORE,BANGALORE,Bangalore,Karnataka
BANGALORE,BANGALORE,Bangalore,Karnataka
BANGALORE,BANGALORE,Bangalore,Karnataka
BANGALORE,BANGALORE,Bangalore,karnataka
BANGALORE,CHENNAI,Chennai,Tamil Nadu
BANGALORE,BANGALORE,Bangalore,Karnataka
KOLKATA,KOLKATA,Jamshedpur,Jharkhand
BANGALORE,BANGALORE,Bangalore,Karnataka
KOLKATA,KOLKATA,Kolkata,West Bengal
NOIDA,NOIDA,Saharanpur,Uttar Pradesh
BANGALORE,BANGALORE,Mysuru,Karnataka
BANGALORE,BANGALORE,Bangalore,Karnataka
BANGALORE,BANGALORE,Bangalore,Karnataka
BANGALORE,BANGALORE,Bangalore,Karnataka
BANGALORE,BANGALORE,Kadapa,Andhra Pradesh
NOIDA,GURGAON,Palwal,HARYANA
BANGALORE,BANGALORE,Halebeedu,Karnataka
BANGALORE,HYDERABAD,Hyderabad,Telangana
BANGALORE,BANGALORE,Bangalore,Karnataka
BANGALORE,BANGALORE,Bangalore,Karnataka
BANGALORE,BANGALORE,Bangalore,Karnataka
BANGALORE,BANGALORE,Bangalore,Karnataka
BANGALORE,BANGALORE,Bangalore,Karnataka
BANGALORE,BANGALORE,Bangalore,Karnataka
BANGALORE,CHENNAI,Tirupattur,Tamil Nadu
BANGALORE,BANGALORE,Bangalore,Karnataka
BANGALORE,BANGALORE,Bangalore,Karnataka
BANGALORE,BANGALORE,Bangalore,Karnataka
BANGALORE,BANGALORE,Bangalore,Karnataka
BANGALORE,BANGALORE,Bangalore,Karnataka
BANGALORE,BANGALORE,Vellore,Tamil Nadu
BANGALORE,BANGALORE,Dubai,Dubai
BANGALORE,BANGALORE,Dubai,Dubai
BANGALORE,HYDERABAD,Visakhapatnam,Andhra Pradesh
BANGALORE,BANGALORE,Bangalore,Karnataka
BANGALORE,BANGALORE,Bangalore,Karnataka
BANGALORE,BANGALORE,Bangalore,Karnataka
BANGALORE,BANGALORE,"Whitefield, Bangalore",Karnataka
BANGALORE,BANGALORE,Bangalore,Karnataka
BANGALORE,HYDERABAD,Warangal,Telangana
BANGALORE,BANGALORE,Bangalore,Karnataka
BANGALORE,NOIDA,Patna,Bihar
BANGALORE,BANGALORE,Bangalore,Karnataka
BANGALORE,BANGALORE,Bangalore,karnataka
NOIDA,GURGAON,Faridabad,Haryana
BANGALORE,HYDERABAD,Kurnool,Andhra Pradesh
BANGALORE,BANGALORE,Bangalore,Karnataka
BANGALORE,BANGALORE,Bangalore,Karnataka
BANGALORE,HYDERABAD,Vinukonda,Andhra Pradesh
BANGALORE,BANGALORE,Bangalore,Karnataka
NOIDA,NOIDA,Dehradun,Uttarakhand
BANGALORE,BANGALORE,Salem,Tamil Nadu
BANGALORE,BANGALORE,Bangalore,Karnataka
NOIDA,NOIDA,Baheri (Bareilly),Uttar Pradesh
BANGALORE,BANGALORE,Bangalore,Karnataka
NOIDA,NOIDA,Agra,Uttar Pradesh
BANGALORE,BANGALORE,Bangalore,karnataka
BANGALORE,CHENNAI,Aruppukottai,Tamil Nadu
CHENNAI,CHENNAI,Nellore,Andhra Pradesh
NOIDA,NOIDA,Ghaziabad,Uttar Pradesh
NEW_DELHI,NOIDA,New Delhi,New Delhi
BANGALORE,BANGALORE,Anantapur,Andhra Pradesh
BANGALORE,CHENNAI,Kattumannarkoil,Tamil Nadu
BANGALORE,CHENNAI,Tirupathi,Andhra Pradesh
BANGALORE,CHENNAI,Madurai,Tamil Nadu
NOIDA,NOIDA,Haldwani,Uttarakhand
BANGALORE,BANGALORE,Bangalore,Karnataka
BANGALORE,HYDERABAD,Visakhapatnam,Andhra Pradesh
BANGALORE,HYDERABAD,Kurnool,Andhra Pradesh
BANGALORE,BANGALORE,Bangalore,Karnataka
BANGALORE,BANGALORE,Bangalore,Karnataka
BANGALORE,BANGALORE,Bangalore,Karnataka
NOIDA,NOIDA,New Delhi,New Delhi
NOIDA,GURGAON,JawalaMukhi,Himachal Pradesh
BANGALORE,NOIDA,Noida,Uttar Pradesh
BANGALORE,BANGALORE,Bangalore,Karnataka
CHENNAI,CHENNAI,Chennai,Tamil Nadu
BANGALORE,CHENNAI,Tirunelveli,Tamil Nadu
BANGALORE,BANGALORE,Kannur,Kerala
BANGALORE,BANGALORE,Bangalore,Karnataka
NOIDA,NOIDA,Firozabad,Uttar Pradesh
BANGALORE,BANGALORE,Bangalore,Karnataka
BANGALORE,BANGALORE,Bangalore,Karnataka
BANGALORE,BANGALORE,Calicut,Kerala
BANGALORE,CHENNAI,Thrithuraipoondi,Tamil Nadu
BANGALORE,CHENNAI,Kancheepuram,Tamil Nadu
BANGALORE,HYDERABAD,Rajamahendravaram,Andhra Pradesh
BANGALORE,BANGALORE,Bangalore,Karnataka
BANGALORE,HYDERABAD,Kurnool,Andhra Pradesh
NOIDA,NOIDA,Meerut,Uttar Pradesh
BANGALORE,CHENNAI,Chennai,Tamil Nadu
BANGALORE,NOIDA,gaya,Bihar
BANGALORE,BANGALORE,Bangalore,Karnataka
BANGALORE,NOIDA,Ballia ,Uttar Pradesh
NOIDA,NOIDA,Kanpur,Uttar Pradesh
BANGALORE,BANGALORE,Krishnagiri,Tamil Nadu
NOIDA,NOIDA,Lucknow,Uttar Pradesh
BANGALORE,BANGALORE,Bangalore,Karnataka
BANGALORE,CHENNAI,Chittoor,Andhra Pradesh
BANGALORE,BANGALORE,Bangalore,Karnataka
BANGALORE,BANGALORE,Bangalore,Karnataka
BANGALORE,BANGALORE,Coimbatore,Tamil Nadu
BANGALORE,HYDERABAD,Hyderabad,Telangana
BANGALORE,KOLKATA,Ganjam,Odisha
BANGALORE,CHENNAI,Chittoor,Andhra Pradesh
BANGALORE,HYDERABAD,Eluru,Andhra Pradesh
BANGALORE,BANGALORE,Bangalore,Karnataka
BANGALORE,BANGALORE,Anantapur ,Andhra Pradesh
NOIDA,NOIDA,Delhi,New Delhi
BANGALORE,BANGALORE,Bellary,Karnataka
NOIDA,NOIDA,Dehradun,Uttarakhand
BANGALORE,BANGALORE,Bangalore,karnataka
NOIDA,NOIDA,Noida,Uttar Pradesh
BANGALORE,BANGALORE,Bangalore,Karnataka
BANGALORE,BANGALORE,Kadpa,Andhra Pradesh
BANGALORE,HYDERABAD,Guntur,Andhra Pradesh
BANGALORE,BANGALORE,Kadapa,Andhra Pradesh
BANGALORE,BANGALORE,Bangalore,Karnataka
BANGALORE,KOLKATA,Angul,Odisha
BANGALORE,BANGALORE,Bangalore,Karnataka
NOIDA,NOIDA,New Delhi,New Delhi
BANGALORE,BANGALORE,Kadapa,Andhra Pradesh
BANGALORE,BANGALORE,Bangalore,Karnataka
NOIDA,PUNE,Pune,Maharashtra
BANGALORE,BANGALORE,Bangalore,Karnataka
BANGALORE,BANGALORE,Bangalore,Karnataka
BANGALORE,BANGALORE,Hosur,Tamil Nadu
NOIDA,GURGAON,Hisar,Haryana
BANGALORE,BANGALORE,Bangalore,Karnataka
BANGALORE,BANGALORE,Anantapur,Andhra Pradesh
BANGALORE,CHENNAI,Chennai,Tamil Nadu
BANGALORE,CHENNAI,Tirunelveli City,Tamil Nadu
BANGALORE,HYDERABAD,Suryapet,Telangana
PUNE,MUMBAI,Navi-Mumbai,Maharashtra
BANGALORE,HYDERABAD,Vizianagaram,Andhra Pradesh
BANGALORE,BANGALORE,Bangalore,Karnataka
BANGALORE,CHENNAI,Chennai,Tamil Nadu
KOLKATA,KOLKATA,Kolkata,West Bengal
PUNE,PUNE,Pune,Maharashtra
NOIDA,GURGAON,Bhiwani,Haryana
BANGALORE,CHENNAI,Chittoor,Andhra Pradesh
BANGALORE,BANGALORE,Malappuram,Kerala
BANGALORE,BANGALORE,Theni,Tamil Nadu
BANGALORE,BANGALORE,Bangalore,Karnataka
BANGALORE,BANGALORE,Palakkad,Kerala
BANGALORE,BANGALORE,Udupi,Karnataka
BANGALORE,BANGALORE,Bangalore,Karnataka
BANGALORE,HYDERABAD,Hyderabad,Telangana
BANGALORE,BANGALORE,Bangalore,Karnataka
BANGALORE,BANGALORE,Bangalore,karnataka
NOIDA,NOIDA,New Delhi,New Delhi
NOIDA,NOIDA,New Delhi,New Delhi
NOIDA,NOIDA,New Delhi,New Delhi
BANGALORE,BANGALORE,TRIVANDRUM,Kerala
BANGALORE,BANGALORE,Thiruvanathapuram,Kerala
NOIDA,BANGALORE,Kochi,Kerala
BANGALORE,BANGALORE,Raichur ,Karnataka
BANGALORE,HYDERABAD,Ongole ,Andhra Pradesh
BANGALORE,BANGALORE,Kottayam,Kerala
BANGALORE,HYDERABAD,Guntur,Andhra Pradesh
BANGALORE,BANGALORE,Hassan,Karnataka
NOIDA,NOIDA,Patna,Bihar
NOIDA,NOIDA,Shikohabad,Uttar Pradesh
NOIDA,GURGAON,Gurgaon,Haryana
NOIDA,BANGALORE,Thiruvananthapuram,Kerala
BANGALORE,BANGALORE,Anantapur,Andhra Pradesh
BANGALORE,BANGALORE,Bangalore,Karnataka
BANGALORE,BANGALORE,Bangalore,Karnataka
NOIDA,NOIDA,Pathankot,Punjab
BANGALORE,BANGALORE,Dubai,Dubai
BANGALORE,BANGALORE,Bangalore,Karnataka
BANGALORE,BANGALORE,Dharmapuri,Tamil Nadu
BANGALORE,GURGAON,Udaipur,Rajasthan
NOIDA,GURGAON,Jaipur,Rajasthan
BANGALORE,CHENNAI,Panruti,Tamil Nadu
NOIDA,NOIDA,Mathura,Uttar Pradesh
BANGALORE,BANGALORE,Bangalore,karnataka
NOIDA,GURGAON,Panipat,Haryana
BANGALORE,BANGALORE,Chikmagaluru,Karnataka
BANGALORE,GURGAON,Giridih,Jharkhand
BANGALORE,HYDERABAD,Guntur,Andhra Pradesh
BANGALORE,HYDERABAD,Guntur,Andhra Pradesh
BANGALORE,BANGALORE,Dubai Silicon Oasis,Dubai
BANGALORE,BANGALORE,Bangalore,Karnataka
NOIDA,GURGAON,Ambala Cantt,Haryana
NOIDA,NOIDA,DHAMPUR,Uttar Pradesh
BANGALORE,BANGALORE,Bangalore,Karnataka
BANGALORE,PUNE,Pune,Maharashtra
BANGALORE,BANGALORE,Bangalore,Karnataka
BANGALORE,BANGALORE,Bangalore,Karnataka
BANGALORE,BANGALORE,Bangalore,Karnataka
BANGALORE,BANGALORE,Bidar,Karnataka
BANGALORE,BANGALORE,Bangalore,Karnataka
BANGALORE,BANGALORE,Bangalore,Karnataka
BANGALORE,NOIDA,MORADABAD,Uttar Pradesh
NOIDA,BANGALORE,Anantapur,Andhra Pradesh
BANGALORE,BANGALORE,Bangalore,Karnataka
BANGALORE,BANGALORE,Bangalore,Karnataka
NOIDA,NOIDA,Ghaziabad,Uttar Pradesh
BANGALORE,BANGALORE,Bangalore,karnataka
NOIDA,GURGAON,Faridabad,Haryana
BANGALORE,NOIDA,Delhi,New Delhi
BANGALORE,BANGALORE,Bangalore,Karnataka
BANGALORE,BANGALORE,Bangalore,Karnataka
BANGALORE,BANGALORE,Bangalore,Karnataka
BANGALORE,BANGALORE,Bangalore,Karnataka
BANGALORE,BANGALORE,Bangalore,Karnataka
BANGALORE,BANGALORE,Bangalore,Karnataka
BANGALORE,BANGALORE,Bangalore,Karnataka
NOIDA,NOIDA,Ludhiana,Punjab
BANGALORE,BANGALORE,Bangalore,Karnataka
BANGALORE,CHENNAI,Thanjavur,Tamil Nadu
PUNE,PUNE,Pune,Maharashtra
BANGALORE,KOLKATA,Kashinagar ,Odisha
BANGALORE,GURGAON,Jawalamukhi ,Himachal Pradesh 
NOIDA,NOIDA,ghaziabad,Uttar Pradesh
BANGALORE,HYDERABAD,Proddatur,Andhra Pradesh
BANGALORE,CHENNAI,Nellore,Andhra Pradesh
BANGALORE,HYDERABAD,Vijayawada,Andhra Pradesh
KOLKATA,KOLKATA,Jajpur Road,Odisha
BANGALORE,HYDERABAD,Hyderabad,Telangana
BANGALORE,BANGALORE,Kadapa,Andhra Pradesh
BANGALORE,CHENNAI,Prakasam ,Andhra Pradesh
BANGALORE,BANGALORE,Wayanad,Kerala
BANGALORE,BANGALORE,Bangalore,Karnataka
BANGALORE,BANGALORE,Tadipatri ,Andhra Pradesh
BANGALORE,BANGALORE,Erode,Tamil Nadu
PUNE,MUMBAI,Mumbai,Maharashtra
BANGALORE,BANGALORE,Kadapa,Andhra Pradesh
NOIDA,NOIDA,Gopalganj,Bihar
NOIDA,NOIDA,Ramnagar,Maharashtra
NOIDA,NOIDA,New Delhi,New Delhi
BANGALORE,HYDERABAD,Ongole,Andhra Pradesh
BANGALORE,BANGALORE,Bangalore,Karnataka
MUMBAI,MUMBAI,Mumbai,Maharashtra
BANGALORE,BANGALORE,Bangalore,Karnataka
NOIDA,NOIDA,Noida,Uttar Pradesh
NOIDA,NOIDA,Noida,Uttar Pradesh
NOIDA,NOIDA,Noida,Uttar Pradesh
BANGALORE,CHENNAI,Chennai,Tamil Nadu
BANGALORE,BANGALORE,Bangalore,Karnataka
CHENNAI,CHENNAI,Chennai,Tamil Nadu
BANGALORE,BANGALORE,Tumkur,Karnataka
NOIDA,GURGAON,Faridabad,Haryana
BANGALORE,BANGALORE,Bangalore,Karnataka
BANGALORE,HYDERABAD,Nandyal,Andhra Pradesh
BANGALORE,BANGALORE,Bangalore,Karnataka
BANGALORE,BANGALORE,Bangalore,karnataka
BANGALORE,BANGALORE,Bangalore,Karnataka
NOIDA,NOIDA,Ghaziabad,Uttar Pradesh
NOIDA,NOIDA,Rampur,Uttar Pradesh
BANGALORE,BANGALORE,Bangalore,Karnataka
BANGALORE,BANGALORE,Puttaparthi,Andhra Pradesh
BANGALORE,BANGALORE,Bangalore,Karnataka
NOIDA,NOIDA,New Delhi,New Delhi
BANGALORE,CHENNAI,Thoothukudi,Tamil Nadu
BANGALORE,BANGALORE,Bangalore,Karnataka
BANGALORE,KOLKATA,Kolkata,West Bengal
BANGALORE,BANGALORE,Bangalore,Karnataka
GURGAON,GURGAON,Faridabad,Haryana
NOIDA,GURGAON,Faridabad,Haryana
NOIDA,NOIDA,New Delhi,New Delhi
BANGALORE,BANGALORE,Trivandrum,Kerala
NOIDA,NOIDA,New Delhi,New Delhi
NOIDA,NOIDA,New Delhi,New Delhi
NOIDA,KOLKATA,Patna,Bihar
KOLKATA,KOLKATA,Kolkata,West Bengal
BANGALORE,HYDERABAD,Vijayawada,Andhra Pradesh
BANGALORE,BANGALORE,Bangalore,Karnataka
NOIDA,NOIDA,New Delhi,New Delhi
BANGALORE,BANGALORE,Bangalore,Karnataka
KOLKATA,KOLKATA,Asansol,West Bengal
BANGALORE,HYDERABAD,Hyderabad,Telangana
NOIDA,NOIDA,Greater Noida,Uttar Pradesh
BANGALORE,BANGALORE,Udupi,Karnataka
BANGALORE,BANGALORE,Bangalore,Karnataka
BANGALORE,BANGALORE,Udupi,Karnataka
NOIDA,NOIDA,New Delhi,New Delhi
NOIDA,NOIDA,Varanasi,Uttar Pradesh
NOIDA,NOIDA,Varanasi,Uttar Pradesh
BANGALORE,BANGALORE,Bangalore,Karnataka
NOIDA,NOIDA,Noida,Uttar Pradesh
BANGALORE,BANGALORE,Bangalore,Karnataka
KOLKATA,KOLKATA,Hooghly,West Bengal
BANGALORE,BANGALORE,Palakkad,Kerala
NOIDA,NOIDA,Noida,Uttar Pradesh
CHENNAI,CHENNAI,Chennai,Tamil Nadu
BANGALORE,BANGALORE,Bangalore,Karnataka
BANGALORE,BANGALORE,Bangalore,Karnataka
BANGALORE,BANGALORE,Bangalore,Karnataka
CHENNAI,CHENNAI,Tirunelveli,Tamil Nadu
NOIDA,NOIDA,Ghaziabad,Uttar Pradesh
BANGALORE,BANGALORE,Bangalore,Karnataka
NOIDA,NOIDA,Ghaziabad,Uttar Pradesh
BANGALORE,BANGALORE,Bangalore,Karnataka
BANGALORE,BANGALORE,Bangalore,Karnataka
NOIDA,NOIDA,New Delhi,New Delhi
NOIDA,KOLKATA,Patna,Bihar
NOIDA,KOLKATA,Dumka,Jharkhand
CHENNAI,CHENNAI,Chennai,Tamil Nadu
NOIDA,NOIDA,Chandigarh,Punjab
KOLKATA,KOLKATA,Kolkata,West Bengal
KOLKATA,KOLKATA,Kolkata,West Bengal
BANGALORE,BANGALORE,Bangalore,Karnataka
BANGALORE,KOLKATA,Patna,Bihar
BANGALORE,HYDERABAD,Devapur,Telangana
BANGALORE,BANGALORE,Bangalore,Karnataka
NOIDA,NOIDA,Ghaziabad,Uttar Pradesh
BANGALORE,BANGALORE,Ernakulam,Kerala
CHENNAI,CHENNAI,Chennai,Tamil Nadu
BANGALORE,BANGALORE,Bangalore,Karnataka
NOIDA,NOIDA,Moradabad,Uttar Pradesh
NOIDA,NOIDA,Ghaziabad,Uttar Pradesh
BANGALORE,NOIDA,Sagar,Madhya Pradesh
BANGALORE,BANGALORE,Bangalore,Karnataka
BANGALORE,BANGALORE,Bangalore,Karnataka
BANGALORE,BANGALORE,Bangalore,Karnataka
BANGALORE,BANGALORE,Bangalore,Karnataka
BANGALORE,BANGALORE,Bangalore,Karnataka
BANGALORE,BANGALORE,Bangalore,Karnataka
BANGALORE,BANGALORE,"Mudhol, Bagalkot",Karnataka
BANGALORE,BANGALORE,Bangalore,Karnataka
BANGALORE,BANGALORE,Sivagangai,Tamil Nadu
NOIDA,NOIDA,NOIDA,Uttar Pradesh
NOIDA,NOIDA,Faridabad,Haryana
NOIDA,NOIDA,Etawah,Uttar Pradesh
NOIDA,NOIDA,Noida,Uttar Pradesh
NOIDA,NOIDA,Ayodhya,Uttar Pradesh
NOIDA,NOIDA,Noida,Uttar Pradesh
NOIDA,NOIDA,NOIDA,Uttar Pradesh
NOIDA,NOIDA,NOIDA,Uttar Pradesh
BANGALORE,BANGALORE,Bangalore,Karnataka
BANGALORE,BANGALORE,Madurai,Tamil Nadu
NOIDA,NOIDA,New Delhi,New Delhi
NOIDA,NOIDA,Ghaziabad,Uttar Pradesh
BANGALORE,BANGALORE,Bangalore,Karnataka
BANGALORE,BANGALORE,Bangalore,Karnataka
BANGALORE,BANGALORE,Gulbarga,Karnataka
BANGALORE,BANGALORE,Hassan,Karnataka
BANGALORE,KOLKATA,Raipur,Chhattisgarh
BANGALORE,HYDERABAD,Bangalore,Karnataka
BANGALORE,BANGALORE,Bangalore,Karnataka
BANGALORE,BANGALORE,Bangalore,Karnataka
NOIDA,GURGAON,Sirsa,Haryana
BANGALORE,KOLKATA,Patna,Bihar
BANGALORE,BANGALORE,Bangalore,Karnataka
NOIDA,NOIDA,Meerut,Uttar Pradesh
NOIDA,NOIDA,Ghaziabad,Uttar Pradesh
NOIDA,NOIDA,New Delhi,New Delhi
NOIDA,PUNE,Pune,Maharashtra
NOIDA,NOIDA,NOIDA,Uttar Pradesh
NOIDA,NOIDA,Jaipur,Rajasthan
NOIDA,NOIDA,Ghaziabad,Uttar Pradesh
BANGALORE,BANGALORE,Bangalore,Karnataka
BANGALORE,KOLKATA,Bokaro steel City,Jharkhand
BANGALORE,BANGALORE,Bangalore,Karnataka
NOIDA,NOIDA,Ghaziabad,Uttar Pradesh
BANGALORE,BANGALORE,Bangalore,Karnataka
BANGALORE,HYDERABAD,Kurnool City,Andhra Pradesh
BANGALORE,BANGALORE,"Hosur,Krishnagiri",Tamil Nadu
NOIDA,NOIDA,Faridabad,Haryana
NOIDA,NOIDA,Meerut,Uttar Pradesh
NOIDA,NOIDA,Vadodara,Gujarat
NOIDA,NOIDA,Bazpur,Uttarakhand
NOIDA,NOIDA,New Delhi,New Delhi
BANGALORE,BANGALORE,Alleppey,Kerala
BANGALORE,BANGALORE,Kolar,Karnataka
BANGALORE,BANGALORE,Shimoga,Karnataka
BANGALORE,BANGALORE,Ananthapur,Andhra Pradesh
BANGALORE,BANGALORE,Bangalore,Karnataka
NOIDA,BANGALORE,Bangalore,Karnataka
NOIDA,NOIDA,Ghaziabad,Uttar Pradesh
KOLKATA,KOLKATA,Kolkata,West Bengal
BANGALORE,HYDERABAD,Warangal,Telangana
NOIDA,NOIDA,Noida,Uttar Pradesh
BANGALORE,BANGALORE,Bangalore,Karnataka
NOIDA,HYDERABAD,Hyderabad,Telangana
KOLKATA,KOLKATA,Kolkata,West Bengal
NOIDA,NOIDA,New Delhi,New Delhi
KOLKATA,KOLKATA,Kolkata,West Bengal
NOIDA,NOIDA,New Delhi,New Delhi
BANGALORE,NOIDA,PARBATSAR,Rajasthan
BANGALORE,BANGALORE,Bangalore,Karnataka
BANGALORE,BANGALORE,Bangalore,Karnataka
BANGALORE,BANGALORE,Bangalore,Karnataka
BANGALORE,BANGALORE,Belgaum,Karnataka
BANGALORE,BANGALORE,Bangalore,Karnataka
BANGALORE,BANGALORE,Coimbatore,Tamil Nadu
PUNE,PUNE,Pune,Maharashtra
BANGALORE,BANGALORE,Bangalore,Karnataka
NOIDA,NOIDA,Haridwar,Uttarakhand
NOIDA,NOIDA,Kanpur,Uttar Pradesh
BANGALORE,BANGALORE,TUMKUR,Karnataka
BANGALORE,HYDERABAD,Visakhapatnam,Andhra Pradesh
NOIDA,NOIDA,Mathura,Uttar Pradesh
NOIDA,NOIDA,New Delhi,New Delhi
BANGALORE,BANGALORE,Bangalore,Karnataka
BANGALORE,BANGALORE,Bilaspur,Chhattisgarh
BANGALORE,BANGALORE,Riyadh,Saudi Arabia
BANGALORE,BANGALORE,Bangalore,Karnataka
Chennai,CHENNAI,Chennai,Tamil Nadu
BANGALORE,BANGALORE,Bangalore,Karnataka
NOIDA,NOIDA,Noida,Uttar Pradesh
KOLKATA,KOLKATA,Kolkata,West Bengal
KOLKATA,KOLKATA,Kolkata,West Bengal
GURGAON,GURGAON,Gurgaon,Haryana
BANGALORE,BANGALORE,Bangalore,Karnataka
KOLKATA,KOLKATA,Kolkata,West Bengal
KOLKATA,KOLKATA,Kolkata,West Bengal
BANGALORE,BANGALORE,Bangalore,Karnataka
KOLKATA,KOLKATA,Kolkata,West Bengal
BANGALORE,BANGALORE,Bangalore,Karnataka
GURGAON,BANGALORE,Bangalore,Karnataka
KOLKATA,KOLKATA,Kolkata,West Bengal
KOLKATA,KOLKATA,Kolkata,West Bengal
KOLKATA,NOIDA,Noida,Uttar Pradesh
BANGALORE,KOLKATA, Sambalpur ,Odisha
KOLKATA,KOLKATA,Kolkata,West Bengal
KOLKATA,BANGALORE,New Jalpaiguri,West Bengal
CHENNAI,CHENNAI,Chennai,Tamil Nadu
BANGALORE,BANGALORE,Bangalore,Karnataka
NOIDA,NOIDA,Noida,Uttar Pradesh
BANGALORE,BANGALORE,Bangalore,Karnataka
BANGALORE,BANGALORE,Bangalore,Karnataka
BANGALORE,BANGALORE,Bangalore,Karnataka
BANGALORE,BANGALORE,Bangalore,Karnataka
NOIDA,EGI Noida,Noida,Uttar Pradesh
KOLKATA,KOLKATA,Kolkata,West Bengal
BANGALORE,BANGALORE,Bangalore,Karnataka
BANGALORE,KOLKATA,Kolkata,West Bengal
BANGALORE,BANGALORE,Bangalore,Karnataka
BANGALORE,BANGALORE,Chikmagalur,Karnataka
KOLKATA,KOLKATA,Bhadrak,Odisha
BANGALORE,BANGALORE,Bangalore,Karnataka
PUNE,PUNE,Pune,Maharashtra
BANGALORE,BANGALORE,Bangalore,Karnataka
BANGALORE,BANGALORE,Bangalore,Karnataka
KOLKATA,KOLKATA,Kolkata,West Bengal
KOLKATA,KOLKATA,Kolkata,West Bengal
BANGALORE,BANGALORE,Bangalore,Karnataka
NOIDA,EGI Noida,Noida,Uttar Pradesh
BANGALORE,BANGALORE,Bangalore,Karnataka
BANGALORE,HYDERABAD,Hyderabad,Telangana
BANGALORE,BANGALORE,Bangalore,Karnataka
KOLKATA,KOLKATA,Murshidabad,West Bengal
PUNE,PUNE,Pune,Maharashtra
KOLKATA,KOLKATA,Kolkata,West Bengal
BANGALORE,BANGALORE,Bangalore,Karnataka
KOLKATA,KOLKATA,Kalyani,West Bengal
NOIDA,NOIDA,Noida,Uttar Pradesh
BANGALORE,BANGALORE,Bangalore,Karnataka
BANGALORE,BANGALORE,Bangalore,Karnataka
NOIDA,EGI Noida,Noida,Uttar Pradesh
NOIDA,EGI Noida,Ludhiana,Punjab
NOIDA,EGI Noida,Noida,Uttar Pradesh
BANGALORE,CHENNAI,Ooty,Tamil Nadu
BANGALORE,BANGALORE,Bangalore,Karnataka
BANGALORE,BANGALORE,Bangalore,Karnataka
BANGALORE,BANGALORE,Bangalore,Karnataka
NOIDA,NOIDA,Noida,Uttar Pradesh
BANGALORE,BANGALORE,Bangalore,Karnataka
NOIDA,NOIDA,Dehradun,Uttarakhand
BANGALORE,BANGALORE,Bangalore,Karnataka
KOLKATA,KOLKATA,Kolkata,West Bengal
KOLKATA,KOLKATA,kolkata,West Bengal
BANGALORE,BANGALORE,Kodagu,Karnataka
BANGALORE,BANGALORE,Bhawanipatna,Odisha
KOLKATA,KOLKATA,Kolkata,West Bengal
BANGALORE,HYDERABAD,Mahabubabad,Telangana
BANGALORE,KOLKATA,Chaibasa,Jharkhand
KOLKATA,KOLKATA,"Bihariganj, Madhepura ",Bihar
KOLKATA,BANGALORE,Bangalore,Karnataka
BANGALORE,KOLKATA,Guwahati,Assam
BANGALORE,BANGALORE,Hazaribagh,Jharkhand
KOLKATA,KOLKATA,Kharagpur,West Bengal
NOIDA,NOIDA,Mayapuri,New Delhi
BANGALORE,BANGALORE,Bangalore,Karnataka
KOLKATA,KOLKATA,Gaya,Bihar
KOLKATA,KOLKATA,Kolkata,West Bengal
KOLKATA,KOLKATA,Kolkata,West Bengal
BANGALORE,KOLKATA,Kolkata,West Bengal
BANGALORE,BANGALORE,Bangalore,Karnataka
BANGALORE,BANGALORE,Bangalore,Karnataka
KOLKATA,KOLKATA,Bhubaneswar ,Odisha
BANGALORE,BANGALORE,Kollam,Kerala
BANGALORE,BANGALORE,Bangalore,Karnataka
BANGALORE,BANGALORE,Bangalore,Karnataka
BANGALORE,BANGALORE,Trivandrum,Kerala
BANGALORE,BANGALORE,"Pattambi , Palakkad",Kerala
GURGAON,NEW_DELHI,"Rohini, New Delhi",New Delhi
BANGALORE,BANGALORE,Thiruvananthapuram,Kerala
BANGALORE,BANGALORE,Trivandrum,Kerala
BANGALORE,BANGALORE,Bangalore,Karnataka
BANGALORE,CHENNAI,Eluru,Andhra Pradesh
NOIDA,NOIDA,Ambala,Haryana
BANGALORE,KOLKATA,Kolkata,West Bengal
NOIDA,EGI Noida,Sonipat,Haryana
NOIDA,EGI Noida,Azamgarh,Uttar Pradesh
NOIDA,NOIDA,Panipat,Haryana
BANGALORE,BANGALORE,Bangalore,Karnataka
BANGALORE,BANGALORE,Bangalore,Karnataka
NOIDA,EGI Noida,Kalka,Haryana
KOLKATA,KOLKATA,Kolkata,West Bengal
NOIDA,EGI Noida,New Delhi,New Delhi
BANGALORE,BANGALORE,Bangalore,Karnataka
BANGALORE,BANGALORE,Pathanamthitta,Kerala
BANGALORE,BANGALORE,Davanagere  ,Karnataka
BANGALORE,BANGALORE,Bangalore,Karnataka
BANGALORE,BANGALORE,Bangalore,Karnataka
BANGALORE,BANGALORE,Bangalore,Karnataka
BANGALORE,BANGALORE,Chittoor,Andhra Pradesh
BANGALORE,BANGALORE,Bangalore,Karnataka
BANGALORE,BANGALORE,Bangalore,Karnataka
BANGALORE,BANGALORE,Bangalore,Karnataka
BANGALORE,BANGALORE,Bangalore,Karnataka
HYDERABAD,HYDERABAD,Hyderabad,Telangana
HYDERABAD,HYDERABAD,Hyderabad,Telangana
HYDERABAD,HYDERABAD,Hyderabad,Telangana
HYDERABAD,HYDERABAD,Hyderabad,Telangana
BANGALORE,BANGALORE,Hassan,Karnataka
HYDERABAD,HYDERABAD,Hyderabad,Telangana
CHENNAI,CHENNAI,Nagapattinam,Tamil Nadu
BANGALORE,BANGALORE,Bangalore,Karnataka
BANGALORE,HYDERABAD,Hyderabad,Telangana
BANGALORE,KOLKATA,Bhubaneswar,Odisha
BANGALORE,HYDERABAD,Kakinada,Andhra Pradesh
BANGALORE,KOLKATA,Patna,Bihar
BANGALORE,KOLKATA,Patna,Bihar
BANGALORE,BANGALORE,Bangalore,Karnataka
BANGALORE,BANGALORE,Bangalore,Karnataka
BANGALORE,BANGALORE,Bangalore,Karnataka
BANGALORE,BANGALORE,Anantapur,Andhra Pradesh
BANGALORE,BANGALORE,Bangalore,Karnataka
BANGALORE,BANGALORE,Bangalore,Karnataka
BANGALORE,BANGALORE,Bangalore,Karnataka
BANGALORE,BANGALORE,Bangalore,Karnataka
BANGALORE,KOLKATA,Sundergarh,Odisha
BANGALORE,HYDERABAD,Vizianagaram,Andhra Pradesh
BANGALORE,KOLKATA,Dumka,Jharkhand 
BANGALORE,BANGALORE,Bangalore,Karnataka
BANGALORE,BANGALORE,Mangalore,Karnataka
HYDERABAD,HYDERABAD,Hyderabad,Telangana
BANGALORE,BANGALORE,Bangalore,Karnataka
BANGALORE,HYDERABAD,West Godavari,Andhra Pradesh
BANGALORE,BANGALORE,Kadapa,Andhra Pradesh
BANGALORE,BANGALORE,Mandya ,Karnataka
BANGALORE,BANGALORE,Bangalore,Karnataka
BANGALORE,HYDERABAD,East Godavari,Andhra Pradesh
BANGALORE,BANGALORE,Bangalore,Karnataka
BANGALORE,BANGALORE,Bangalore,Karnataka
BANGALORE,BANGALORE,Bangalore,Karnataka
BANGALORE,BANGALORE,Anantapur,Andhra Pradesh
BANGALORE,BANGALORE,Dharwad,Karnataka
BANGALORE,CHENNAI,Chennai,Tamil Nadu